0, 24-10-2025 15:41:23, Hardware monitoring log v1.6 ,,,,,,,,,,
1, 24-10-2025 15:41:23, Radeon RX 580 Series,,,,,,,,,,
2, 24-10-2025 15:41:23, Power               ,Framerate           ,Frametime           ,,,,,,,Framerate           ,Frametime           
3, 24-10-2025 15:41:23,0,,,300,10,                    ,                    ,%.1f                ,,,
3, 24-10-2025 15:41:23,1,,,200,10,                    ,                    ,,,,
3, 24-10-2025 15:41:23,2,,,50,10,                    ,                    ,%.1f                ,,,
80, 24-10-2025 15:41:24,143.136,109.6,10.031,,,,,,,109.6,10.031
80, 24-10-2025 15:41:25,143.832,109.5,10.273,,,,,,,109.5,10.273
80, 24-10-2025 15:41:26,144.89,81.9,28.205,,,,,,,81.9,28.205
80, 24-10-2025 15:41:27,143.32,61.2,22.756,,,,,,,61.2,22.756
80, 24-10-2025 15:41:28,144.074,66.9,16.051,,,,,,,66.9,16.051
80, 24-10-2025 15:41:29,143.707,66.8,17.294,,,,,,,66.8,17.294
80, 24-10-2025 15:41:30,142.738,61.8,18.084,,,,,,,61.8,18.084
80, 24-10-2025 15:41:31,143.972,61,18.094,,,,,,,61,18.094
80, 24-10-2025 15:41:32,144.105,62.6,17.768,,,,,,,62.6,17.768
80, 24-10-2025 15:41:33,143.05,59.6,19.306,,,,,,,59.6,19.306
80, 24-10-2025 15:41:34,144.292,58.5,19.417,,,,,,,58.5,19.417
80, 24-10-2025 15:41:35,144.48,58.7,19.057,,,,,,,58.7,19.057
80, 24-10-2025 15:41:36,143.55,58.8,18.365,,,,,,,58.8,18.365
80, 24-10-2025 15:41:37,144.925,58.5,17.786,,,,,,,58.5,17.786
80, 24-10-2025 15:41:38,143.679,57.5,21.007,,,,,,,57.5,21.007
80, 24-10-2025 15:41:39,144.921,58.3,18.142,,,,,,,58.3,18.142
80, 24-10-2025 15:41:40,144.515,58.1,17.977,,,,,,,58.1,17.977
80, 24-10-2025 15:41:41,143.578,58.2,18.013,,,,,,,58.2,18.013
80, 24-10-2025 15:41:42,145.082,58.8,17.994,,,,,,,58.8,17.994
80, 24-10-2025 15:41:43,143.73,58.4,20.319,,,,,,,58.4,20.319
80, 24-10-2025 15:41:44,144.367,58.4,17.839,,,,,,,58.4,17.839
80, 24-10-2025 15:41:45,143.382,58.4,18.938,,,,,,,58.4,18.938
80, 24-10-2025 15:41:46,143.972,63.7,16.55,,,,,,,63.7,16.55
80, 24-10-2025 15:41:47,143.566,58.1,19.256,,,,,,,58.1,19.256
80, 24-10-2025 15:41:48,144.074,56,24.154,,,,,,,56,24.154
80, 24-10-2025 15:41:49,143.64,56.2,18.575,,,,,,,56.2,18.575
80, 24-10-2025 15:41:50,144.339,55.9,18.945,,,,,,,55.9,18.945
80, 24-10-2025 15:41:51,143.593,56.2,18.826,,,,,,,56.2,18.826
80, 24-10-2025 15:41:52,143.25,55.9,18.508,,,,,,,55.9,18.508
80, 24-10-2025 15:41:53,144.253,55.6,18.719,,,,,,,55.6,18.719
80, 24-10-2025 15:41:54,143.984,57,19.197,,,,,,,57,19.197
80, 24-10-2025 15:41:55,144.703,61.9,18.332,,,,,,,61.9,18.332
80, 24-10-2025 15:41:56,141.492,60.1,18.851,,,,,,,60.1,18.851
80, 24-10-2025 15:41:57,144.398,65.2,25.302,,,,,,,65.2,25.302
80, 24-10-2025 15:41:58,143.078,64.9,16.549,,,,,,,64.9,16.549
80, 24-10-2025 15:41:59,144.234,65.1,16.564,,,,,,,65.1,16.564
80, 24-10-2025 15:42:00,143.542,65.1,16.323,,,,,,,65.1,16.323
80, 24-10-2025 15:42:01,143.808,65.7,16.024,,,,,,,65.7,16.024
80, 24-10-2025 15:42:02,143.207,64.9,17.746,,,,,,,64.9,17.746
80, 24-10-2025 15:42:03,144.835,63.3,16.338,,,,,,,63.3,16.338
80, 24-10-2025 15:42:04,143.5,64.2,16.381,,,,,,,64.2,16.381
80, 24-10-2025 15:42:05,143.429,64.9,17.09,,,,,,,64.9,17.09
80, 24-10-2025 15:42:06,143.972,65.6,15.894,,,,,,,65.6,15.894
80, 24-10-2025 15:42:07,143.535,65.5,16.306,,,,,,,65.5,16.306
80, 24-10-2025 15:42:08,144.324,65.4,16.717,,,,,,,65.4,16.717
80, 24-10-2025 15:42:09,143.968,67.4,15.559,,,,,,,67.4,15.559
80, 24-10-2025 15:42:10,144.609,67.8,15.716,,,,,,,67.8,15.716
80, 24-10-2025 15:42:11,144.328,59.1,18.65,,,,,,,59.1,18.65
80, 24-10-2025 15:42:12,143.066,59.2,17.692,,,,,,,59.2,17.692
80, 24-10-2025 15:42:13,144.066,58.1,19.875,,,,,,,58.1,19.875
80, 24-10-2025 15:42:14,143.691,58.4,17.714,,,,,,,58.4,17.714
80, 24-10-2025 15:42:15,144.511,58.1,18.165,,,,,,,58.1,18.165
80, 24-10-2025 15:42:16,145.101,58.2,17.862,,,,,,,58.2,17.862
80, 24-10-2025 15:42:17,144.351,58.1,17.758,,,,,,,58.1,17.758
80, 24-10-2025 15:42:18,144.21,58.6,18.005,,,,,,,58.6,18.005
80, 24-10-2025 15:42:19,144.656,58.1,21.115,,,,,,,58.1,21.115
80, 24-10-2025 15:42:20,143.328,57.7,19.06,,,,,,,57.7,19.06
80, 24-10-2025 15:42:21,144.222,57.5,19.757,,,,,,,57.5,19.757
80, 24-10-2025 15:42:22,144.449,57.5,18.149,,,,,,,57.5,18.149
80, 24-10-2025 15:42:23,144.449,58.1,17.996,,,,,,,58.1,17.996
80, 24-10-2025 15:42:24,144.636,57.8,18.448,,,,,,,57.8,18.448
80, 24-10-2025 15:42:25,143.363,57.8,19.059,,,,,,,57.8,19.059
80, 24-10-2025 15:42:26,143.828,57.3,18.142,,,,,,,57.3,18.142
80, 24-10-2025 15:42:27,144.343,58.1,19.515,,,,,,,58.1,19.515
80, 24-10-2025 15:42:28,142.511,62.8,17.768,,,,,,,62.8,17.768
80, 24-10-2025 15:42:29,143.679,60.3,17.625,,,,,,,60.3,17.625
80, 24-10-2025 15:42:30,143.355,60.2,18.02,,,,,,,60.2,18.02
80, 24-10-2025 15:42:31,144.292,61.7,17.273,,,,,,,61.7,17.273
80, 24-10-2025 15:42:32,144.722,63.7,16.658,,,,,,,63.7,16.658
80, 24-10-2025 15:42:33,144.644,64.6,16.577,,,,,,,64.6,16.577
80, 24-10-2025 15:42:34,142.71,63.8,16.269,,,,,,,63.8,16.269
80, 24-10-2025 15:42:35,143.757,62.6,16.666,,,,,,,62.6,16.666
80, 24-10-2025 15:42:36,143.218,63.1,16.523,,,,,,,63.1,16.523
80, 24-10-2025 15:42:37,144.21,62.4,16.599,,,,,,,62.4,16.599
80, 24-10-2025 15:42:38,143.085,62.8,16.516,,,,,,,62.8,16.516
80, 24-10-2025 15:42:39,144.296,62.8,17.086,,,,,,,62.8,17.086
80, 24-10-2025 15:42:40,143.125,62.4,16.758,,,,,,,62.4,16.758
80, 24-10-2025 15:42:41,140.703,60.8,19.305,,,,,,,60.8,19.305
80, 24-10-2025 15:42:42,143.941,67.9,15.474,,,,,,,67.9,15.474
80, 24-10-2025 15:42:43,143.554,67.4,16.057,,,,,,,67.4,16.057
80, 24-10-2025 15:42:44,143.195,62.6,17.875,,,,,,,62.6,17.875
80, 24-10-2025 15:42:45,145.296,60.8,17.819,,,,,,,60.8,17.819
80, 24-10-2025 15:42:46,144.32,58.4,18.074,,,,,,,58.4,18.074
80, 24-10-2025 15:42:47,144.156,57.6,18.37,,,,,,,57.6,18.37
80, 24-10-2025 15:42:48,142.714,57,18.4,,,,,,,57,18.4
80, 24-10-2025 15:42:49,145.066,56.8,18.762,,,,,,,56.8,18.762
80, 24-10-2025 15:42:50,145.164,58.4,17.943,,,,,,,58.4,17.943
80, 24-10-2025 15:42:51,144.574,61.7,18.137,,,,,,,61.7,18.137
80, 24-10-2025 15:42:52,143.777,62.6,16.773,,,,,,,62.6,16.773
80, 24-10-2025 15:42:53,143.726,61.8,17.769,,,,,,,61.8,17.769
80, 24-10-2025 15:42:54,144.773,61.2,17.209,,,,,,,61.2,17.209
80, 24-10-2025 15:42:55,144.82,61.2,18.103,,,,,,,61.2,18.103
80, 24-10-2025 15:42:56,144.343,59.7,18.448,,,,,,,59.7,18.448
80, 24-10-2025 15:42:57,143.558,59.8,23.955,,,,,,,59.8,23.955
80, 24-10-2025 15:42:58,143.378,60.8,18.345,,,,,,,60.8,18.345
80, 24-10-2025 15:42:59,143.683,61.5,17.714,,,,,,,61.5,17.714
80, 24-10-2025 15:43:00,143.933,63.4,17.062,,,,,,,63.4,17.062
80, 24-10-2025 15:43:01,143.136,61.5,17.089,,,,,,,61.5,17.089
80, 24-10-2025 15:43:02,142.203,60.6,20.455,,,,,,,60.6,20.455
80, 24-10-2025 15:43:03,144.738,59.1,17.775,,,,,,,59.1,17.775
80, 24-10-2025 15:43:04,144.992,58.6,17.937,,,,,,,58.6,17.937
80, 24-10-2025 15:43:05,143.554,58.9,17.852,,,,,,,58.9,17.852
80, 24-10-2025 15:43:06,143.042,59.2,18.862,,,,,,,59.2,18.862
80, 24-10-2025 15:43:07,142.695,58.9,17.649,,,,,,,58.9,17.649
80, 24-10-2025 15:43:08,143.558,59.1,17.995,,,,,,,59.1,17.995
80, 24-10-2025 15:43:09,141.808,58.7,18.947,,,,,,,58.7,18.947
80, 24-10-2025 15:43:10,143.812,59.2,17.944,,,,,,,59.2,17.944
80, 24-10-2025 15:43:11,144.324,58.7,17.966,,,,,,,58.7,17.966
80, 24-10-2025 15:43:12,143.953,58.7,17.854,,,,,,,58.7,17.854
80, 24-10-2025 15:43:13,144.097,59.2,17.717,,,,,,,59.2,17.717
80, 24-10-2025 15:43:14,142.05,62.7,17.298,,,,,,,62.7,17.298
80, 24-10-2025 15:43:15,143.457,63,17.592,,,,,,,63,17.592
80, 24-10-2025 15:43:16,144.761,65.1,17.754,,,,,,,65.1,17.754
80, 24-10-2025 15:43:17,144.031,57.7,18.408,,,,,,,57.7,18.408
80, 24-10-2025 15:43:18,140.957,57.8,18.599,,,,,,,57.8,18.599
80, 24-10-2025 15:43:19,143.48,55.7,20.146,,,,,,,55.7,20.146
80, 24-10-2025 15:43:20,145.05,57.3,18.363,,,,,,,57.3,18.363
80, 24-10-2025 15:43:21,143.582,57.1,18.485,,,,,,,57.1,18.485
80, 24-10-2025 15:43:22,144.644,56.7,18.574,,,,,,,56.7,18.574
80, 24-10-2025 15:43:23,140.863,56,18.94,,,,,,,56,18.94
80, 24-10-2025 15:43:24,144.027,56.2,18.678,,,,,,,56.2,18.678
80, 24-10-2025 15:43:25,144.429,56.8,18.54,,,,,,,56.8,18.54
80, 24-10-2025 15:43:26,141.925,56.8,18.367,,,,,,,56.8,18.367
80, 24-10-2025 15:43:27,144.21,56.4,18.648,,,,,,,56.4,18.648
80, 24-10-2025 15:43:28,140.917,55.9,19.428,,,,,,,55.9,19.428
80, 24-10-2025 15:43:29,142.027,55.9,18.863,,,,,,,55.9,18.863
80, 24-10-2025 15:43:30,143.82,55.5,18.716,,,,,,,55.5,18.716
80, 24-10-2025 15:43:31,144.335,56.2,18.827,,,,,,,56.2,18.827
80, 24-10-2025 15:43:32,143.859,57,18.519,,,,,,,57,18.519
80, 24-10-2025 15:43:33,144.132,58.4,18.219,,,,,,,58.4,18.219
80, 24-10-2025 15:43:34,143.089,64.2,16.605,,,,,,,64.2,16.605
80, 24-10-2025 15:43:35,144.546,61.9,18.376,,,,,,,61.9,18.376
80, 24-10-2025 15:43:36,144.597,63.7,16.825,,,,,,,63.7,16.825
80, 24-10-2025 15:43:37,143.222,65.2,16.86,,,,,,,65.2,16.86
80, 24-10-2025 15:43:38,143.73,64.4,16.329,,,,,,,64.4,16.329
80, 24-10-2025 15:43:39,143.851,62.9,18.558,,,,,,,62.9,18.558
80, 24-10-2025 15:43:40,141.062,61.5,17.558,,,,,,,61.5,17.558
80, 24-10-2025 15:43:41,140.746,64.4,17.543,,,,,,,64.4,17.543
80, 24-10-2025 15:43:42,142.035,66.4,16.924,,,,,,,66.4,16.924
80, 24-10-2025 15:43:43,140.492,62.9,17.379,,,,,,,62.9,17.379
80, 24-10-2025 15:43:44,142.351,59.2,19.17,,,,,,,59.2,19.17
80, 24-10-2025 15:43:45,142.093,57.8,18.142,,,,,,,57.8,18.142
80, 24-10-2025 15:43:46,142.925,58,18.249,,,,,,,58,18.249
80, 24-10-2025 15:43:47,142.796,57.9,18.212,,,,,,,57.9,18.212
80, 24-10-2025 15:43:48,144.316,57.6,18.413,,,,,,,57.6,18.413
80, 24-10-2025 15:43:49,143.164,57.4,19.066,,,,,,,57.4,19.066
80, 24-10-2025 15:43:50,144.671,57,18.618,,,,,,,57,18.618
80, 24-10-2025 15:43:51,143.277,56.9,19.001,,,,,,,56.9,19.001
80, 24-10-2025 15:43:52,144.265,57.3,18.408,,,,,,,57.3,18.408
80, 24-10-2025 15:43:53,142.273,58.5,17.942,,,,,,,58.5,17.942
80, 24-10-2025 15:43:54,141.933,58.1,18.277,,,,,,,58.1,18.277
80, 24-10-2025 15:43:55,143.531,56.9,19.256,,,,,,,56.9,19.256
80, 24-10-2025 15:43:56,136.351,58.5,18.532,,,,,,,58.5,18.532
80, 24-10-2025 15:43:57,141.867,58.8,33.936,,,,,,,58.8,33.936
80, 24-10-2025 15:43:58,142.644,60.3,19.695,,,,,,,60.3,19.695
80, 24-10-2025 15:43:59,143.796,59.2,18.001,,,,,,,59.2,18.001
80, 24-10-2025 15:44:00,139.328,61.7,17.143,,,,,,,61.7,17.143
80, 24-10-2025 15:44:01,144.148,62.5,16.964,,,,,,,62.5,16.964
80, 24-10-2025 15:44:02,141.429,63.4,20.248,,,,,,,63.4,20.248
80, 24-10-2025 15:44:03,144.66,62.4,21.568,,,,,,,62.4,21.568
80, 24-10-2025 15:44:04,143.656,61.4,17.313,,,,,,,61.4,17.313
80, 24-10-2025 15:44:05,144.89,63.5,16.533,,,,,,,63.5,16.533
80, 24-10-2025 15:44:06,140.957,62.4,17.019,,,,,,,62.4,17.019
80, 24-10-2025 15:44:07,143.046,66.6,16.978,,,,,,,66.6,16.978
80, 24-10-2025 15:44:08,141.882,75.7,14.854,,,,,,,75.7,14.854
80, 24-10-2025 15:44:09,142.937,72.8,15.947,,,,,,,72.8,15.947
80, 24-10-2025 15:44:10,144.238,75.4,17.021,,,,,,,75.4,17.021
80, 24-10-2025 15:44:11,141.32,58.9,18.033,,,,,,,58.9,18.033
80, 24-10-2025 15:44:12,143.664,77.1,16.844,,,,,,,77.1,16.844
80, 24-10-2025 15:44:13,136.89,66.6,17.678,,,,,,,66.6,17.678
80, 24-10-2025 15:44:14,145.289,62,18.018,,,,,,,62,18.018
80, 24-10-2025 15:44:15,140.027,62.1,17.112,,,,,,,62.1,17.112
80, 24-10-2025 15:44:16,140.089,63.3,16.571,,,,,,,63.3,16.571
80, 24-10-2025 15:44:17,143.445,64,16.528,,,,,,,64,16.528
80, 24-10-2025 15:44:18,141.042,65.2,16.415,,,,,,,65.2,16.415
80, 24-10-2025 15:44:19,143.394,65.2,16.58,,,,,,,65.2,16.58
80, 24-10-2025 15:44:20,142.746,63.3,16.732,,,,,,,63.3,16.732
80, 24-10-2025 15:44:21,141.371,60.7,18.007,,,,,,,60.7,18.007
80, 24-10-2025 15:44:22,140.953,55.6,19.516,,,,,,,55.6,19.516
80, 24-10-2025 15:44:23,143.167,53,20.275,,,,,,,53,20.275
80, 24-10-2025 15:44:24,140.074,53,20.01,,,,,,,53,20.01
80, 24-10-2025 15:44:25,138.406,54.3,19.205,,,,,,,54.3,19.205
80, 24-10-2025 15:44:26,141.55,54.3,19.553,,,,,,,54.3,19.553
80, 24-10-2025 15:44:27,142.054,54.5,19.663,,,,,,,54.5,19.663
80, 24-10-2025 15:44:28,144.82,53.7,19.557,,,,,,,53.7,19.557
80, 24-10-2025 15:44:29,139.222,53.1,20.046,,,,,,,53.1,20.046
80, 24-10-2025 15:44:30,138.242,51.1,21.23,,,,,,,51.1,21.23
80, 24-10-2025 15:44:31,137.511,49.4,22.786,,,,,,,49.4,22.786
80, 24-10-2025 15:44:32,142.406,49.2,21.366,,,,,,,49.2,21.366
80, 24-10-2025 15:44:33,143.398,48.4,24.574,,,,,,,48.4,24.574
80, 24-10-2025 15:44:34,139.972,47.5,22.841,,,,,,,47.5,22.841
80, 24-10-2025 15:44:35,141.292,44.3,25.704,,,,,,,44.3,25.704
80, 24-10-2025 15:44:36,137.449,45.9,23.142,,,,,,,45.9,23.142
80, 24-10-2025 15:44:37,141.57,47.1,22.401,,,,,,,47.1,22.401
80, 24-10-2025 15:44:38,142.363,45.9,22.764,,,,,,,45.9,22.764
80, 24-10-2025 15:44:39,141.8,45.3,23.306,,,,,,,45.3,23.306
80, 24-10-2025 15:44:40,139.679,46,25.013,,,,,,,46,25.013
80, 24-10-2025 15:44:41,138.937,45.9,23.251,,,,,,,45.9,23.251
80, 24-10-2025 15:44:42,139.753,46.1,22.618,,,,,,,46.1,22.618
80, 24-10-2025 15:44:43,137.835,46.2,22.515,,,,,,,46.2,22.515
80, 24-10-2025 15:44:44,143.46,46.7,22.34,,,,,,,46.7,22.34
80, 24-10-2025 15:44:45,141.167,46.6,22.495,,,,,,,46.6,22.495
80, 24-10-2025 15:44:46,138.05,46.7,22.554,,,,,,,46.7,22.554
80, 24-10-2025 15:44:47,140.503,47.2,22.088,,,,,,,47.2,22.088
80, 24-10-2025 15:44:48,137.968,46.9,22.418,,,,,,,46.9,22.418
80, 24-10-2025 15:44:49,140.812,46,23.102,,,,,,,46,23.102
80, 24-10-2025 15:44:50,142.773,45.6,23.318,,,,,,,45.6,23.318
80, 24-10-2025 15:44:51,141.648,45.3,23.395,,,,,,,45.3,23.395
80, 24-10-2025 15:44:52,144.164,44.3,24.208,,,,,,,44.3,24.208
80, 24-10-2025 15:44:53,142.234,46.9,22.909,,,,,,,46.9,22.909
80, 24-10-2025 15:44:54,137.414,49.2,21.114,,,,,,,49.2,21.114
80, 24-10-2025 15:44:55,143.265,49.7,21.034,,,,,,,49.7,21.034
80, 24-10-2025 15:44:56,141.378,49.4,21.236,,,,,,,49.4,21.236
80, 24-10-2025 15:44:57,137.777,49.5,23.571,,,,,,,49.5,23.571
80, 24-10-2025 15:44:58,143.984,49.5,20.951,,,,,,,49.5,20.951
80, 24-10-2025 15:44:59,140.617,49.9,21.23,,,,,,,49.9,21.23
80, 24-10-2025 15:45:00,141.015,50.4,20.84,,,,,,,50.4,20.84
80, 24-10-2025 15:45:01,141.492,50.2,20.916,,,,,,,50.2,20.916
80, 24-10-2025 15:45:02,142.636,48.8,24.607,,,,,,,48.8,24.607
80, 24-10-2025 15:45:03,141.542,49.4,21.418,,,,,,,49.4,21.418
80, 24-10-2025 15:45:04,140.636,48.7,21.687,,,,,,,48.7,21.687
80, 24-10-2025 15:45:05,143.273,49.2,24.727,,,,,,,49.2,24.727
80, 24-10-2025 15:45:06,140.695,50.7,20.875,,,,,,,50.7,20.875
80, 24-10-2025 15:45:07,141.386,51,20.533,,,,,,,51,20.533
80, 24-10-2025 15:45:08,141.804,52.9,20.029,,,,,,,52.9,20.029
80, 24-10-2025 15:45:09,137.238,54.4,19.276,,,,,,,54.4,19.276
80, 24-10-2025 15:45:10,141.378,54.8,20.212,,,,,,,54.8,20.212
80, 24-10-2025 15:45:11,142.167,55.3,18.895,,,,,,,55.3,18.895
80, 24-10-2025 15:45:12,140.949,54.9,19.07,,,,,,,54.9,19.07
80, 24-10-2025 15:45:13,139.816,55.1,18.994,,,,,,,55.1,18.994
80, 24-10-2025 15:45:14,143.835,55.4,19.055,,,,,,,55.4,19.055
80, 24-10-2025 15:45:15,141.257,55.7,18.855,,,,,,,55.7,18.855
80, 24-10-2025 15:45:16,137.808,55.9,18.744,,,,,,,55.9,18.744
80, 24-10-2025 15:45:17,144.953,56.2,18.594,,,,,,,56.2,18.594
80, 24-10-2025 15:45:18,143.101,55.6,19.677,,,,,,,55.6,19.677
80, 24-10-2025 15:45:19,141.242,54.8,19.216,,,,,,,54.8,19.216
80, 24-10-2025 15:45:20,138.027,54.8,19.189,,,,,,,54.8,19.189
80, 24-10-2025 15:45:21,139.191,54.6,19.206,,,,,,,54.6,19.206
80, 24-10-2025 15:45:22,141.699,53.7,20.095,,,,,,,53.7,20.095
80, 24-10-2025 15:45:23,141.398,55.7,20.788,,,,,,,55.7,20.788
80, 24-10-2025 15:45:24,141.445,57.2,18.781,,,,,,,57.2,18.781
80, 24-10-2025 15:45:25,139.375,63.2,17.556,,,,,,,63.2,17.556
80, 24-10-2025 15:45:26,139.722,65.3,16.217,,,,,,,65.3,16.217
80, 24-10-2025 15:45:27,143.937,66.1,16.704,,,,,,,66.1,16.704
80, 24-10-2025 15:45:28,140.035,66.3,15.731,,,,,,,66.3,15.731
80, 24-10-2025 15:45:29,143.156,66.3,15.907,,,,,,,66.3,15.907
80, 24-10-2025 15:45:30,141.777,65.4,20.705,,,,,,,65.4,20.705
80, 24-10-2025 15:45:31,141.546,65.3,16.005,,,,,,,65.3,16.005
80, 24-10-2025 15:45:32,137.417,68.5,15.731,,,,,,,68.5,15.731
80, 24-10-2025 15:45:33,144.273,69.7,15.188,,,,,,,69.7,15.188
80, 24-10-2025 15:45:34,144.421,71.9,15.219,,,,,,,71.9,15.219
80, 24-10-2025 15:45:35,143.699,71.3,14.963,,,,,,,71.3,14.963
80, 24-10-2025 15:45:36,137.976,71.6,15.024,,,,,,,71.6,15.024
80, 24-10-2025 15:45:37,141.113,76.4,14.522,,,,,,,76.4,14.522
80, 24-10-2025 15:45:38,138.773,75.6,14.059,,,,,,,75.6,14.059
80, 24-10-2025 15:45:39,137.921,63.2,18.062,,,,,,,63.2,18.062
80, 24-10-2025 15:45:40,137.019,63.5,16.474,,,,,,,63.5,16.474
80, 24-10-2025 15:45:41,142.667,65.6,16.895,,,,,,,65.6,16.895
80, 24-10-2025 15:45:42,143.812,67.6,16.158,,,,,,,67.6,16.158
80, 24-10-2025 15:45:43,142.089,68.9,15.58,,,,,,,68.9,15.58
80, 24-10-2025 15:45:44,139.757,70.6,17.92,,,,,,,70.6,17.92
80, 24-10-2025 15:45:45,138.636,77.6,14.602,,,,,,,77.6,14.602
80, 24-10-2025 15:45:46,141.843,71,15.75,,,,,,,71,15.75
80, 24-10-2025 15:45:47,142.582,67.6,16.282,,,,,,,67.6,16.282
80, 24-10-2025 15:45:48,123.464,65.9,28.664,,,,,,,65.9,28.664
80, 24-10-2025 15:45:49,137.105,56.4,33.232,,,,,,,56.4,33.232
80, 24-10-2025 15:45:50,137.945,54.1,34.491,,,,,,,54.1,34.491
80, 24-10-2025 15:45:51,113.421,52.8,34.637,,,,,,,52.8,34.637
80, 24-10-2025 15:45:52,139.062,54.4,42.804,,,,,,,54.4,42.804
80, 24-10-2025 15:45:53,140.617,58.8,23.187,,,,,,,58.8,23.187
80, 24-10-2025 15:45:54,137.773,60.5,20.821,,,,,,,60.5,20.821
80, 24-10-2025 15:45:55,139.527,59.1,23.741,,,,,,,59.1,23.741
80, 24-10-2025 15:45:56,129.578,57.6,28.937,,,,,,,57.6,28.937
80, 24-10-2025 15:45:57,138.132,58.3,26.234,,,,,,,58.3,26.234
80, 24-10-2025 15:45:58,143.035,60.2,34.882,,,,,,,60.2,34.882
80, 24-10-2025 15:45:59,143.898,63.2,20.145,,,,,,,63.2,20.145
80, 24-10-2025 15:46:00,139.109,62.9,17.443,,,,,,,62.9,17.443
80, 24-10-2025 15:46:01,141.71,62.8,17.459,,,,,,,62.8,17.459
80, 24-10-2025 15:46:02,108.585,60.8,39.963,,,,,,,60.8,39.963
80, 24-10-2025 15:46:03,141.914,57.5,42.84,,,,,,,57.5,42.84
80, 24-10-2025 15:46:04,143.14,59.7,27.88,,,,,,,59.7,27.88
80, 24-10-2025 15:46:05,143.328,60.7,25.093,,,,,,,60.7,25.093
80, 24-10-2025 15:46:06,143.589,63.8,20.423,,,,,,,63.8,20.423
80, 24-10-2025 15:46:07,143.824,65,19.631,,,,,,,65,19.631
80, 24-10-2025 15:46:08,142.257,65.4,17.063,,,,,,,65.4,17.063
80, 24-10-2025 15:46:09,144.234,65.4,17.336,,,,,,,65.4,17.336
80, 24-10-2025 15:46:10,140.007,64.1,17.399,,,,,,,64.1,17.399
80, 24-10-2025 15:46:11,136.019,57.3,33.345,,,,,,,57.3,33.345
80, 24-10-2025 15:46:12,143.062,56.9,35.383,,,,,,,56.9,35.383
80, 24-10-2025 15:46:13,128.234,64.6,22.48,,,,,,,64.6,22.48
80, 24-10-2025 15:46:14,142.121,66.2,24.913,,,,,,,66.2,24.913
80, 24-10-2025 15:46:15,139.273,69.2,15.822,,,,,,,69.2,15.822
80, 24-10-2025 15:46:16,139.921,68.8,15.781,,,,,,,68.8,15.781
80, 24-10-2025 15:46:17,137.484,66.9,16.217,,,,,,,66.9,16.217
80, 24-10-2025 15:46:18,135.914,67.7,16.549,,,,,,,67.7,16.549
80, 24-10-2025 15:46:19,143.316,69.4,16.961,,,,,,,69.4,16.961
80, 24-10-2025 15:46:20,141.96,70.9,17.518,,,,,,,70.9,17.518
80, 24-10-2025 15:46:21,143.074,70.5,15.981,,,,,,,70.5,15.981
80, 24-10-2025 15:46:22,139.91,63.3,23.135,,,,,,,63.3,23.135
80, 24-10-2025 15:46:23,138.589,61.1,29.254,,,,,,,61.1,29.254
80, 24-10-2025 15:46:24,141.113,61.5,22.358,,,,,,,61.5,22.358
80, 24-10-2025 15:46:25,138.14,59.6,23.207,,,,,,,59.6,23.207
80, 24-10-2025 15:46:26,136.109,59.3,26.716,,,,,,,59.3,26.716
80, 24-10-2025 15:46:27,133.48,58.1,22.694,,,,,,,58.1,22.694
80, 24-10-2025 15:46:28,142.847,57.4,20.531,,,,,,,57.4,20.531
80, 24-10-2025 15:46:29,143.996,60.4,24.773,,,,,,,60.4,24.773
80, 24-10-2025 15:46:30,143.718,60.3,20.246,,,,,,,60.3,20.246
80, 24-10-2025 15:46:31,140.796,61,18.973,,,,,,,61,18.973
80, 24-10-2025 15:46:32,141.214,61.4,24.305,,,,,,,61.4,24.305
80, 24-10-2025 15:46:33,139.984,63.9,21.52,,,,,,,63.9,21.52
80, 24-10-2025 15:46:34,137.148,65.7,17.807,,,,,,,65.7,17.807
80, 24-10-2025 15:46:35,136.722,65.9,18.559,,,,,,,65.9,18.559
80, 24-10-2025 15:46:36,143.125,67.8,17.541,,,,,,,67.8,17.541
80, 24-10-2025 15:46:37,140.988,63.8,17.452,,,,,,,63.8,17.452
80, 24-10-2025 15:46:38,140.886,64.3,20.144,,,,,,,64.3,20.144
80, 24-10-2025 15:46:39,142.953,66.6,17.965,,,,,,,66.6,17.965
80, 24-10-2025 15:46:40,141.312,67.5,16.409,,,,,,,67.5,16.409
80, 24-10-2025 15:46:41,144.167,69.4,15.896,,,,,,,69.4,15.896
80, 24-10-2025 15:46:42,139.066,67.6,19.955,,,,,,,67.6,19.955
80, 24-10-2025 15:46:43,144.679,64.4,24.962,,,,,,,64.4,24.962
80, 24-10-2025 15:46:44,143.714,64,23.728,,,,,,,64,23.728
80, 24-10-2025 15:46:45,141.152,63.3,25.186,,,,,,,63.3,25.186
80, 24-10-2025 15:46:46,140.296,61.8,22.242,,,,,,,61.8,22.242
80, 24-10-2025 15:46:47,144.457,64.7,20.462,,,,,,,64.7,20.462
80, 24-10-2025 15:46:48,139.75,65.3,16.576,,,,,,,65.3,16.576
80, 24-10-2025 15:46:49,142.945,65.1,18.678,,,,,,,65.1,18.678
80, 24-10-2025 15:46:50,138.042,66.9,16.68,,,,,,,66.9,16.68
80, 24-10-2025 15:46:51,137.82,66.3,17.896,,,,,,,66.3,17.896
80, 24-10-2025 15:46:52,138.652,62.1,26.414,,,,,,,62.1,26.414
80, 24-10-2025 15:46:53,139.699,62.9,23.426,,,,,,,62.9,23.426
80, 24-10-2025 15:46:54,141.941,61.9,22.245,,,,,,,61.9,22.245
80, 24-10-2025 15:46:55,135.761,59.9,23.802,,,,,,,59.9,23.802
80, 24-10-2025 15:46:56,127.058,57.8,24.934,,,,,,,57.8,24.934
80, 24-10-2025 15:46:57,140.191,58.5,29.254,,,,,,,58.5,29.254
80, 24-10-2025 15:46:58,142.187,60.1,24.033,,,,,,,60.1,24.033
80, 24-10-2025 15:46:59,138.171,62.2,23.361,,,,,,,62.2,23.361
80, 24-10-2025 15:47:00,140.105,60.7,21.928,,,,,,,60.7,21.928
80, 24-10-2025 15:47:01,141.593,61.7,22.921,,,,,,,61.7,22.921
80, 24-10-2025 15:47:02,135.574,64.5,19.881,,,,,,,64.5,19.881
80, 24-10-2025 15:47:03,141.394,67.8,18.408,,,,,,,67.8,18.408
80, 24-10-2025 15:47:04,140.98,70.4,17.461,,,,,,,70.4,17.461
80, 24-10-2025 15:47:05,138.031,72.6,16.73,,,,,,,72.6,16.73
80, 24-10-2025 15:47:06,141.988,60.9,19.152,,,,,,,60.9,19.152
80, 24-10-2025 15:47:07,143.605,60.4,18.738,,,,,,,60.4,18.738
80, 24-10-2025 15:47:08,141.617,61.6,26.761,,,,,,,61.6,26.761
80, 24-10-2025 15:47:09,144.269,62.8,27.645,,,,,,,62.8,27.645
80, 24-10-2025 15:47:10,136.789,68.3,17.441,,,,,,,68.3,17.441
80, 24-10-2025 15:47:11,141.167,69.4,15.524,,,,,,,69.4,15.524
80, 24-10-2025 15:47:12,143.964,68.1,15.547,,,,,,,68.1,15.547
80, 24-10-2025 15:47:13,144.23,70,15.658,,,,,,,70,15.658
80, 24-10-2025 15:47:14,144.062,70.3,15.819,,,,,,,70.3,15.819
80, 24-10-2025 15:47:15,143.32,72.9,15.476,,,,,,,72.9,15.476
80, 24-10-2025 15:47:16,141.949,72.1,18.026,,,,,,,72.1,18.026
80, 24-10-2025 15:47:17,144.222,73.4,16.909,,,,,,,73.4,16.909
80, 24-10-2025 15:47:18,140.25,68.1,20.057,,,,,,,68.1,20.057
80, 24-10-2025 15:47:19,140.414,60.8,39.225,,,,,,,60.8,39.225
80, 24-10-2025 15:47:20,141.914,65,23.85,,,,,,,65,23.85
80, 24-10-2025 15:47:21,141.832,61.4,20.263,,,,,,,61.4,20.263
80, 24-10-2025 15:47:22,142.253,64.8,20.468,,,,,,,64.8,20.468
80, 24-10-2025 15:47:23,140.996,57.3,46.668,,,,,,,57.3,46.668
80, 24-10-2025 15:47:24,137.289,60.1,27.537,,,,,,,60.1,27.537
80, 24-10-2025 15:47:25,141.917,61.6,24.437,,,,,,,61.6,24.437
80, 24-10-2025 15:47:26,139.218,59.9,20.254,,,,,,,59.9,20.254
80, 24-10-2025 15:47:27,138.71,59.8,20.823,,,,,,,59.8,20.823
80, 24-10-2025 15:47:28,141.945,60.3,25.853,,,,,,,60.3,25.853
80, 24-10-2025 15:47:29,137.519,58.8,22.638,,,,,,,58.8,22.638
80, 24-10-2025 15:47:30,138.687,57.3,26.136,,,,,,,57.3,26.136
80, 24-10-2025 15:47:31,140.042,54.5,23.517,,,,,,,54.5,23.517
80, 24-10-2025 15:47:32,137.398,55.7,21.992,,,,,,,55.7,21.992
80, 24-10-2025 15:47:33,143.921,54.8,27.409,,,,,,,54.8,27.409
80, 24-10-2025 15:47:34,143.269,55.6,21.193,,,,,,,55.6,21.193
80, 24-10-2025 15:47:35,138.281,54.5,22.78,,,,,,,54.5,22.78
80, 24-10-2025 15:47:36,140.605,55.4,21.715,,,,,,,55.4,21.715
80, 24-10-2025 15:47:37,140.105,54.9,22.849,,,,,,,54.9,22.849
80, 24-10-2025 15:47:38,141.808,54.2,24.594,,,,,,,54.2,24.594
80, 24-10-2025 15:47:39,141.468,54.4,21.104,,,,,,,54.4,21.104
80, 24-10-2025 15:47:40,139.433,54.5,24.038,,,,,,,54.5,24.038
80, 24-10-2025 15:47:41,139.988,55.6,21.796,,,,,,,55.6,21.796
80, 24-10-2025 15:47:42,140.066,56.3,22.11,,,,,,,56.3,22.11
80, 24-10-2025 15:47:43,142.988,56.8,20.792,,,,,,,56.8,20.792
80, 24-10-2025 15:47:44,140.304,58.1,20.29,,,,,,,58.1,20.29
80, 24-10-2025 15:47:45,142.156,56.8,25.459,,,,,,,56.8,25.459
80, 24-10-2025 15:47:46,137.648,56.4,23.118,,,,,,,56.4,23.118
80, 24-10-2025 15:47:47,135.382,54.7,21.361,,,,,,,54.7,21.361
80, 24-10-2025 15:47:48,138.675,56.1,25.172,,,,,,,56.1,25.172
80, 24-10-2025 15:47:49,140.406,57.3,21.849,,,,,,,57.3,21.849
80, 24-10-2025 15:47:50,141.882,60,20.317,,,,,,,60,20.317
80, 24-10-2025 15:47:51,145.187,56.2,23.54,,,,,,,56.2,23.54
80, 24-10-2025 15:47:52,136.066,54.7,24.253,,,,,,,54.7,24.253
80, 24-10-2025 15:47:53,141.546,55.8,21.502,,,,,,,55.8,21.502
80, 24-10-2025 15:47:54,138.664,56.1,21.092,,,,,,,56.1,21.092
80, 24-10-2025 15:47:55,141.8,59.7,21.478,,,,,,,59.7,21.478
80, 24-10-2025 15:47:56,123.476,58.9,25.771,,,,,,,58.9,25.771
80, 24-10-2025 15:47:57,143.121,61.7,27.865,,,,,,,61.7,27.865
80, 24-10-2025 15:47:58,143.925,64.5,19.874,,,,,,,64.5,19.874
80, 24-10-2025 15:47:59,141.39,62.6,20.689,,,,,,,62.6,20.689
80, 24-10-2025 15:48:00,139.132,62.1,22.268,,,,,,,62.1,22.268
80, 24-10-2025 15:48:01,144.167,65.8,24.82,,,,,,,65.8,24.82
80, 24-10-2025 15:48:02,143.386,66,23.735,,,,,,,66,23.735
80, 24-10-2025 15:48:03,140.066,65.8,16.802,,,,,,,65.8,16.802
80, 24-10-2025 15:48:04,140.398,66,16.36,,,,,,,66,16.36
80, 24-10-2025 15:48:05,138.242,65.9,16.063,,,,,,,65.9,16.063
80, 24-10-2025 15:48:06,145.035,66.2,17.428,,,,,,,66.2,17.428
80, 24-10-2025 15:48:07,138.101,65.9,16.384,,,,,,,65.9,16.384
80, 24-10-2025 15:48:08,140.976,66,16.663,,,,,,,66,16.663
80, 24-10-2025 15:48:09,140.023,64.5,16.95,,,,,,,64.5,16.95
80, 24-10-2025 15:48:10,143.921,63.7,17.998,,,,,,,63.7,17.998
80, 24-10-2025 15:48:11,138.968,62.5,18.118,,,,,,,62.5,18.118
80, 24-10-2025 15:48:12,138.226,59.3,34.848,,,,,,,59.3,34.848
80, 24-10-2025 15:48:13,140.808,59.4,22.581,,,,,,,59.4,22.581
80, 24-10-2025 15:48:14,135.472,63.2,23.149,,,,,,,63.2,23.149
80, 24-10-2025 15:48:15,135.843,66,17.35,,,,,,,66,17.35
80, 24-10-2025 15:48:16,139.554,67.7,16.29,,,,,,,67.7,16.29
80, 24-10-2025 15:48:17,142.804,67.1,16.397,,,,,,,67.1,16.397
80, 24-10-2025 15:48:18,139.882,68.2,15.826,,,,,,,68.2,15.826
80, 24-10-2025 15:48:19,138.042,67.1,16.611,,,,,,,67.1,16.611
80, 24-10-2025 15:48:20,138.417,66.9,16.026,,,,,,,66.9,16.026
80, 24-10-2025 15:48:21,140.398,66.5,16.568,,,,,,,66.5,16.568
80, 24-10-2025 15:48:22,134.601,61.1,24.011,,,,,,,61.1,24.011
80, 24-10-2025 15:48:23,138.359,62.3,20.589,,,,,,,62.3,20.589
80, 24-10-2025 15:48:24,143.382,60.6,24.995,,,,,,,60.6,24.995
80, 24-10-2025 15:48:25,139.859,61.1,26.264,,,,,,,61.1,26.264
80, 24-10-2025 15:48:26,138.015,61.6,21.656,,,,,,,61.6,21.656
80, 24-10-2025 15:48:27,139.644,60.7,28.342,,,,,,,60.7,28.342
80, 24-10-2025 15:48:28,139.851,60.2,23.901,,,,,,,60.2,23.901
80, 24-10-2025 15:48:29,136.312,64.9,28.167,,,,,,,64.9,28.167
80, 24-10-2025 15:48:30,145.277,66.6,20.938,,,,,,,66.6,20.938
80, 24-10-2025 15:48:31,139.882,68.3,20.037,,,,,,,68.3,20.037
80, 24-10-2025 15:48:32,140.582,65.2,20.012,,,,,,,65.2,20.012
80, 24-10-2025 15:48:33,141.238,63.3,20.284,,,,,,,63.3,20.284
80, 24-10-2025 15:48:34,139.89,63.5,21.425,,,,,,,63.5,21.425
80, 24-10-2025 15:48:35,143.894,62.4,19.557,,,,,,,62.4,19.557
80, 24-10-2025 15:48:36,143.585,60.7,22.129,,,,,,,60.7,22.129
80, 24-10-2025 15:48:37,135.839,61.5,20.784,,,,,,,61.5,20.784
80, 24-10-2025 15:48:38,141.55,63.1,18.652,,,,,,,63.1,18.652
80, 24-10-2025 15:48:39,140.191,62.8,19.737,,,,,,,62.8,19.737
80, 24-10-2025 15:48:40,142.859,63.3,18.237,,,,,,,63.3,18.237
80, 24-10-2025 15:48:41,141.027,62.3,27.688,,,,,,,62.3,27.688
80, 24-10-2025 15:48:42,139.738,63.6,16.73,,,,,,,63.6,16.73
80, 24-10-2025 15:48:43,142.25,63.2,16.985,,,,,,,63.2,16.985
80, 24-10-2025 15:48:44,136.816,66.3,19.731,,,,,,,66.3,19.731
80, 24-10-2025 15:48:45,139.878,70.7,17.248,,,,,,,70.7,17.248
80, 24-10-2025 15:48:46,140.738,58.8,33.12,,,,,,,58.8,33.12
80, 24-10-2025 15:48:47,139.167,57.1,19.329,,,,,,,57.1,19.329
80, 24-10-2025 15:48:48,139.445,57.5,19.105,,,,,,,57.5,19.105
80, 24-10-2025 15:48:49,142.476,51.8,32.542,,,,,,,51.8,32.542
80, 24-10-2025 15:48:50,134.449,53.7,23.822,,,,,,,53.7,23.822
80, 24-10-2025 15:48:51,141.726,60.9,38.577,,,,,,,60.9,38.577
80, 24-10-2025 15:48:52,137.636,66.9,16.169,,,,,,,66.9,16.169
80, 24-10-2025 15:48:53,144.359,64,18.228,,,,,,,64,18.228
80, 24-10-2025 15:48:54,139.132,65.4,16.817,,,,,,,65.4,16.817
80, 24-10-2025 15:48:55,134.183,77.9,16.631,,,,,,,77.9,16.631
80, 24-10-2025 15:48:56,138.542,112.4,10.25,,,,,,,112.4,10.25
80, 24-10-2025 15:48:57,143.953,109.2,16.868,,,,,,,109.2,16.868
80, 24-10-2025 15:48:58,143.199,111.7,10.383,,,,,,,111.7,10.383
80, 24-10-2025 15:48:59,138.695,110.1,11.964,,,,,,,110.1,11.964
80, 24-10-2025 15:49:00,79.148,94.7,38.755,,,,,,,94.7,38.755
80, 24-10-2025 15:49:01,76.113,76.5,140.119,,,,,,,76.5,140.119
80, 24-10-2025 15:49:02,59.933,68.7,44.17,,,,,,,68.7,44.17
80, 24-10-2025 15:49:03,144.207,47.9,170.054,,,,,,,47.9,170.054
80, 24-10-2025 15:49:04,143.597,58.4,17.844,,,,,,,58.4,17.844
80, 24-10-2025 15:49:05,142.988,56.7,21.193,,,,,,,56.7,21.193
80, 24-10-2025 15:49:06,143.265,55.5,18.994,,,,,,,55.5,18.994
80, 24-10-2025 15:49:07,143.632,54.8,19.288,,,,,,,54.8,19.288
80, 24-10-2025 15:49:08,140.757,54.7,19.481,,,,,,,54.7,19.481
80, 24-10-2025 15:49:09,8.664,N/A                 ,N/A                 ,,,,,,,N/A                 ,N/A                 
80, 24-10-2025 15:49:10,7.656,N/A                 ,N/A                 ,,,,,,,N/A                 ,N/A                 
80, 24-10-2025 15:49:11,6.601,N/A                 ,N/A                 ,,,,,,,N/A                 ,N/A                 
80, 24-10-2025 15:49:12,6.64,N/A                 ,N/A                 ,,,,,,,N/A                 ,N/A                 
80, 24-10-2025 15:49:13,6.644,N/A                 ,N/A                 ,,,,,,,N/A                 ,N/A                 
0, 24-10-2025 15:54:18, Hardware monitoring log v1.6 ,,,,,,,,,,
1, 24-10-2025 15:54:18, Radeon RX 580 Series,,,,,,,,,,
2, 24-10-2025 15:54:18, Power               ,Framerate           ,Frametime           ,,,,,,,Framerate           ,Frametime           
3, 24-10-2025 15:54:18,0,W                   ,0,300,10,                    ,                    ,%.1f                ,,W                   ,0
3, 24-10-2025 15:54:18,1,FPS                 ,0,200,10,                    ,                    ,,,FPS                 ,0
3, 24-10-2025 15:54:18,2,ms                  ,0,50,10,                    ,                    ,%.1f                ,,ms                  ,0
80, 24-10-2025 15:54:19,137.199,54.5,18.999,,,,,,,54.5,18.999
80, 24-10-2025 15:54:20,137.675,54.5,19.975,,,,,,,54.5,19.975
80, 24-10-2025 15:54:21,137.937,54.8,18.627,,,,,,,54.8,18.627
80, 24-10-2025 15:54:22,138,54.6,19.993,,,,,,,54.6,19.993
80, 24-10-2025 15:54:23,137.472,54.5,19.608,,,,,,,54.5,19.608
80, 24-10-2025 15:54:24,137.726,54.7,18.57,,,,,,,54.7,18.57
80, 24-10-2025 15:54:25,137.937,54.5,18.998,,,,,,,54.5,18.998
80, 24-10-2025 15:54:26,139.253,52.1,21.726,,,,,,,52.1,21.726
80, 24-10-2025 15:54:27,138.847,50.5,20.793,,,,,,,50.5,20.793
80, 24-10-2025 15:54:28,133.371,50.3,24.506,,,,,,,50.3,24.506
80, 24-10-2025 15:54:29,133.109,50.1,20.709,,,,,,,50.1,20.709
80, 24-10-2025 15:54:30,137.238,50.1,20.476,,,,,,,50.1,20.476
80, 24-10-2025 15:54:31,135.832,50.2,20.43,,,,,,,50.2,20.43
80, 24-10-2025 15:54:32,133.691,49.8,22.546,,,,,,,49.8,22.546
80, 24-10-2025 15:54:33,132.011,50.1,25.456,,,,,,,50.1,25.456
80, 24-10-2025 15:54:34,135.589,49.9,21.797,,,,,,,49.9,21.797
80, 24-10-2025 15:54:35,138.023,49.7,20.392,,,,,,,49.7,20.392
80, 24-10-2025 15:54:36,136.71,48.9,20.968,,,,,,,48.9,20.968
80, 24-10-2025 15:54:37,138.722,49.3,22.411,,,,,,,49.3,22.411
80, 24-10-2025 15:54:38,137.039,48.4,21.603,,,,,,,48.4,21.603
80, 24-10-2025 15:54:39,137.21,47.9,21.409,,,,,,,47.9,21.409
80, 24-10-2025 15:54:40,135.816,47.7,22.893,,,,,,,47.7,22.893
80, 24-10-2025 15:54:41,138.164,48.1,21.146,,,,,,,48.1,21.146
80, 24-10-2025 15:54:42,137.339,47.2,23.506,,,,,,,47.2,23.506
80, 24-10-2025 15:54:43,138.757,47.1,22.706,,,,,,,47.1,22.706
80, 24-10-2025 15:54:44,136.832,47,21.572,,,,,,,47,21.572
80, 24-10-2025 15:54:45,136.875,47,21.618,,,,,,,47,21.618
80, 24-10-2025 15:54:46,138.738,47.3,21.69,,,,,,,47.3,21.69
80, 24-10-2025 15:54:47,137.242,46.5,21.945,,,,,,,46.5,21.945
80, 24-10-2025 15:54:48,136.503,46.2,22.067,,,,,,,46.2,22.067
80, 24-10-2025 15:54:49,138.003,46.3,22.418,,,,,,,46.3,22.418
80, 24-10-2025 15:54:50,138.359,46.2,21.948,,,,,,,46.2,21.948
80, 24-10-2025 15:54:51,138.636,46.3,21.947,,,,,,,46.3,21.947
80, 24-10-2025 15:54:52,138.156,45.8,22.338,,,,,,,45.8,22.338
80, 24-10-2025 15:54:53,137.101,45.7,22.64,,,,,,,45.7,22.64
80, 24-10-2025 15:54:54,138.859,46.2,22.726,,,,,,,46.2,22.726
80, 24-10-2025 15:54:55,137.511,46.4,22.004,,,,,,,46.4,22.004
80, 24-10-2025 15:54:56,137.792,46.9,21.92,,,,,,,46.9,21.92
80, 24-10-2025 15:54:57,136.664,48.2,25.583,,,,,,,48.2,25.583
80, 24-10-2025 15:54:58,137.468,50.8,20.555,,,,,,,50.8,20.555
80, 24-10-2025 15:54:59,138.828,51.5,20.149,,,,,,,51.5,20.149
80, 24-10-2025 15:55:00,137.437,50.9,22.46,,,,,,,50.9,22.46
80, 24-10-2025 15:55:01,139.449,50.9,20.629,,,,,,,50.9,20.629
80, 24-10-2025 15:55:02,137.679,50.1,23.501,,,,,,,50.1,23.501
80, 24-10-2025 15:55:03,139.539,50,21.566,,,,,,,50,21.566
80, 24-10-2025 15:55:04,137.945,51.2,20.504,,,,,,,51.2,20.504
80, 24-10-2025 15:55:05,141.398,51.7,20.314,,,,,,,51.7,20.314
80, 24-10-2025 15:55:06,136.281,50.3,23.483,,,,,,,50.3,23.483
80, 24-10-2025 15:55:07,134.253,51.4,21.831,,,,,,,51.4,21.831
80, 24-10-2025 15:55:08,141.593,51.5,20.652,,,,,,,51.5,20.652
80, 24-10-2025 15:55:09,138.242,50.4,20.304,,,,,,,50.4,20.304
80, 24-10-2025 15:55:10,139.875,50.1,20.682,,,,,,,50.1,20.682
80, 24-10-2025 15:55:11,138.738,50.1,20.708,,,,,,,50.1,20.708
80, 24-10-2025 15:55:12,136.667,50.6,20.66,,,,,,,50.6,20.66
80, 24-10-2025 15:55:13,137.89,50.5,20.565,,,,,,,50.5,20.565
80, 24-10-2025 15:55:14,135.597,49.9,20.79,,,,,,,49.9,20.79
80, 24-10-2025 15:55:15,136.976,49.9,20.453,,,,,,,49.9,20.453
80, 24-10-2025 15:55:16,132.386,52.7,21.138,,,,,,,52.7,21.138
80, 24-10-2025 15:55:17,134.898,57,18.595,,,,,,,57,18.595
80, 24-10-2025 15:55:18,135.031,64.9,17.315,,,,,,,64.9,17.315
80, 24-10-2025 15:55:19,139.265,69.1,15.13,,,,,,,69.1,15.13
80, 24-10-2025 15:55:20,139.699,70.6,14.828,,,,,,,70.6,14.828
80, 24-10-2025 15:55:21,135.839,68.9,15.248,,,,,,,68.9,15.248
80, 24-10-2025 15:55:22,137.914,58.2,18.578,,,,,,,58.2,18.578
80, 24-10-2025 15:55:23,136.082,53.9,19.468,,,,,,,53.9,19.468
80, 24-10-2025 15:55:24,135.167,52.1,19.749,,,,,,,52.1,19.749
80, 24-10-2025 15:55:25,138.007,51.5,19.811,,,,,,,51.5,19.811
80, 24-10-2025 15:55:26,139.027,51.7,19.816,,,,,,,51.7,19.816
80, 24-10-2025 15:55:27,136.078,51.8,19.841,,,,,,,51.8,19.841
80, 24-10-2025 15:55:28,136.64,51.3,19.763,,,,,,,51.3,19.763
80, 24-10-2025 15:55:29,138.523,51.4,19.906,,,,,,,51.4,19.906
80, 24-10-2025 15:55:30,137.593,51.1,20.249,,,,,,,51.1,20.249
80, 24-10-2025 15:55:31,138.691,51.1,20.001,,,,,,,51.1,20.001
80, 24-10-2025 15:55:32,137.66,50.2,20.482,,,,,,,50.2,20.482
80, 24-10-2025 15:55:33,141.902,50,20.494,,,,,,,50,20.494
80, 24-10-2025 15:55:34,141.875,50.3,20.856,,,,,,,50.3,20.856
80, 24-10-2025 15:55:35,141.109,50,20.662,,,,,,,50,20.662
80, 24-10-2025 15:55:36,139.351,49,22.063,,,,,,,49,22.063
80, 24-10-2025 15:55:37,143.488,50.9,22.05,,,,,,,50.9,22.05
80, 24-10-2025 15:55:38,145.265,54.3,19.006,,,,,,,54.3,19.006
80, 24-10-2025 15:55:39,142.164,54.1,19.852,,,,,,,54.1,19.852
80, 24-10-2025 15:55:40,143.292,53.3,19.215,,,,,,,53.3,19.215
80, 24-10-2025 15:55:41,143.671,52,20.031,,,,,,,52,20.031
80, 24-10-2025 15:55:42,143.21,50.5,20.236,,,,,,,50.5,20.236
80, 24-10-2025 15:55:43,141.437,50.5,20.473,,,,,,,50.5,20.473
80, 24-10-2025 15:55:44,140.656,50.9,20.219,,,,,,,50.9,20.219
80, 24-10-2025 15:55:45,142.941,51.3,20.004,,,,,,,51.3,20.004
80, 24-10-2025 15:55:46,141.316,51.2,20.154,,,,,,,51.2,20.154
80, 24-10-2025 15:55:47,143.226,51.8,19.691,,,,,,,51.8,19.691
80, 24-10-2025 15:55:48,142.578,51.5,22.334,,,,,,,51.5,22.334
80, 24-10-2025 15:55:49,142.539,51.8,19.813,,,,,,,51.8,19.813
80, 24-10-2025 15:55:50,140.57,52,19.643,,,,,,,52,19.643
80, 24-10-2025 15:55:51,141.226,52,19.593,,,,,,,52,19.593
80, 24-10-2025 15:55:52,144.089,52.2,19.664,,,,,,,52.2,19.664
80, 24-10-2025 15:55:53,140.742,52,19.608,,,,,,,52,19.608
80, 24-10-2025 15:55:54,141.242,52,19.765,,,,,,,52,19.765
80, 24-10-2025 15:55:55,141.378,51.8,19.727,,,,,,,51.8,19.727
80, 24-10-2025 15:55:56,140.121,51.5,20.103,,,,,,,51.5,20.103
80, 24-10-2025 15:55:57,141.878,51.2,29.38,,,,,,,51.2,29.38
80, 24-10-2025 15:55:58,142.277,51.1,20.078,,,,,,,51.1,20.078
80, 24-10-2025 15:55:59,141.503,50.5,20.403,,,,,,,50.5,20.403
80, 24-10-2025 15:56:00,140.796,50.5,20.181,,,,,,,50.5,20.181
80, 24-10-2025 15:56:01,139.066,49.9,20.54,,,,,,,49.9,20.54
80, 24-10-2025 15:56:02,143.656,48.6,30.635,,,,,,,48.6,30.635
80, 24-10-2025 15:56:03,142.582,48.1,21.905,,,,,,,48.1,21.905
80, 24-10-2025 15:56:04,141.343,47.9,21.84,,,,,,,47.9,21.84
80, 24-10-2025 15:56:05,144.71,47.7,22.183,,,,,,,47.7,22.183
80, 24-10-2025 15:56:06,142.769,48.2,21.825,,,,,,,48.2,21.825
80, 24-10-2025 15:56:07,141.425,48.4,21.517,,,,,,,48.4,21.517
80, 24-10-2025 15:56:08,142.125,47.7,21.627,,,,,,,47.7,21.627
80, 24-10-2025 15:56:09,142.464,46.2,22.623,,,,,,,46.2,22.623
80, 24-10-2025 15:56:10,143.644,45.4,23.012,,,,,,,45.4,23.012
80, 24-10-2025 15:56:11,141.117,46.3,22.79,,,,,,,46.3,22.79
80, 24-10-2025 15:56:12,141.828,46.3,22.28,,,,,,,46.3,22.28
80, 24-10-2025 15:56:13,141.339,46.2,23.644,,,,,,,46.2,23.644
80, 24-10-2025 15:56:14,141.66,47.8,24.213,,,,,,,47.8,24.213
80, 24-10-2025 15:56:15,144.585,49.3,21.459,,,,,,,49.3,21.459
80, 24-10-2025 15:56:16,141.718,49.1,23.697,,,,,,,49.1,23.697
80, 24-10-2025 15:56:17,143.605,49.1,21.012,,,,,,,49.1,21.012
80, 24-10-2025 15:56:18,143.613,49.3,21.661,,,,,,,49.3,21.661
80, 24-10-2025 15:56:19,140.82,49.3,21.196,,,,,,,49.3,21.196
80, 24-10-2025 15:56:20,141.496,49.5,20.856,,,,,,,49.5,20.856
80, 24-10-2025 15:56:21,142.984,49.6,20.959,,,,,,,49.6,20.959
80, 24-10-2025 15:56:22,142.121,49.3,20.699,,,,,,,49.3,20.699
80, 24-10-2025 15:56:23,136.296,49.6,21.38,,,,,,,49.6,21.38
80, 24-10-2025 15:56:24,142.046,50.3,20.465,,,,,,,50.3,20.465
80, 24-10-2025 15:56:25,143.257,50.9,20.398,,,,,,,50.9,20.398
80, 24-10-2025 15:56:26,142.656,51.2,20.264,,,,,,,51.2,20.264
80, 24-10-2025 15:56:27,141.156,51.2,20.115,,,,,,,51.2,20.115
80, 24-10-2025 15:56:28,142.894,49.7,21.028,,,,,,,49.7,21.028
80, 24-10-2025 15:56:29,141.839,54.6,19.813,,,,,,,54.6,19.813
80, 24-10-2025 15:56:30,140.839,56.2,21.352,,,,,,,56.2,21.352
80, 24-10-2025 15:56:31,143.414,51.4,20.629,,,,,,,51.4,20.629
80, 24-10-2025 15:56:32,141.351,50.9,20.935,,,,,,,50.9,20.935
80, 24-10-2025 15:56:33,141.285,51.6,20.722,,,,,,,51.6,20.722
80, 24-10-2025 15:56:34,142.222,52,20.587,,,,,,,52,20.587
80, 24-10-2025 15:56:35,142.695,51.1,20.334,,,,,,,51.1,20.334
80, 24-10-2025 15:56:36,140.132,48.7,22.749,,,,,,,48.7,22.749
80, 24-10-2025 15:56:37,140.503,47.2,22.223,,,,,,,47.2,22.223
80, 24-10-2025 15:56:38,143.828,48.3,21.191,,,,,,,48.3,21.191
80, 24-10-2025 15:56:39,142.023,55.1,21.23,,,,,,,55.1,21.23
80, 24-10-2025 15:56:40,140.738,57,19.379,,,,,,,57,19.379
80, 24-10-2025 15:56:41,141.347,55.9,19.593,,,,,,,55.9,19.593
80, 24-10-2025 15:56:42,140.46,56.4,19.206,,,,,,,56.4,19.206
80, 24-10-2025 15:56:43,143.8,56.8,18.765,,,,,,,56.8,18.765
80, 24-10-2025 15:56:44,143.292,56.2,19.569,,,,,,,56.2,19.569
80, 24-10-2025 15:56:45,143.925,56.2,19.151,,,,,,,56.2,19.151
80, 24-10-2025 15:56:46,143.308,56.3,19.553,,,,,,,56.3,19.553
80, 24-10-2025 15:56:47,142.007,56.7,19.61,,,,,,,56.7,19.61
80, 24-10-2025 15:56:48,144.367,57.9,18.399,,,,,,,57.9,18.399
80, 24-10-2025 15:56:49,144.804,61,17.853,,,,,,,61,17.853
80, 24-10-2025 15:56:50,143,62.2,17.035,,,,,,,62.2,17.035
80, 24-10-2025 15:56:51,142.281,63.4,17.357,,,,,,,63.4,17.357
80, 24-10-2025 15:56:52,142.742,60.6,17.827,,,,,,,60.6,17.827
80, 24-10-2025 15:56:53,143.691,59.7,17.695,,,,,,,59.7,17.695
80, 24-10-2025 15:56:54,143.656,61.9,17,,,,,,,61.9,17
80, 24-10-2025 15:56:55,143.472,65.3,16.331,,,,,,,65.3,16.331
80, 24-10-2025 15:56:56,141.914,66.5,16.024,,,,,,,66.5,16.024
80, 24-10-2025 15:56:57,143.808,66.4,18.99,,,,,,,66.4,18.99
80, 24-10-2025 15:56:58,144.441,65.7,16.041,,,,,,,65.7,16.041
80, 24-10-2025 15:56:59,141.535,64.6,16.318,,,,,,,64.6,16.318
80, 24-10-2025 15:57:00,142.058,64.4,16.262,,,,,,,64.4,16.262
80, 24-10-2025 15:57:01,142.953,62.9,16.841,,,,,,,62.9,16.841
80, 24-10-2025 15:57:02,144.882,62,20.471,,,,,,,62,20.471
80, 24-10-2025 15:57:03,142.738,60.7,18.068,,,,,,,60.7,18.068
80, 24-10-2025 15:57:04,144.015,59.9,17.845,,,,,,,59.9,17.845
80, 24-10-2025 15:57:05,144.312,62,17.47,,,,,,,62,17.47
80, 24-10-2025 15:57:06,141.812,62.5,16.713,,,,,,,62.5,16.713
80, 24-10-2025 15:57:07,142.812,62.7,16.647,,,,,,,62.7,16.647
80, 24-10-2025 15:57:08,144.828,62.4,17.114,,,,,,,62.4,17.114
80, 24-10-2025 15:57:09,143.121,62.2,16.734,,,,,,,62.2,16.734
80, 24-10-2025 15:57:10,144.402,61.1,17.286,,,,,,,61.1,17.286
80, 24-10-2025 15:57:11,142.687,64.5,17.182,,,,,,,64.5,17.182
80, 24-10-2025 15:57:12,141.917,64.6,16.346,,,,,,,64.6,16.346
80, 24-10-2025 15:57:13,144.785,62.3,16.693,,,,,,,62.3,16.693
80, 24-10-2025 15:57:14,143.437,62.3,16.743,,,,,,,62.3,16.743
80, 24-10-2025 15:57:15,142.492,62.2,17.284,,,,,,,62.2,17.284
80, 24-10-2025 15:57:16,144.402,62.6,16.659,,,,,,,62.6,16.659
80, 24-10-2025 15:57:17,144.988,62.1,17.204,,,,,,,62.1,17.204
80, 24-10-2025 15:57:18,141.16,61.5,17.14,,,,,,,61.5,17.14
80, 24-10-2025 15:57:19,144.234,59.6,17.815,,,,,,,59.6,17.815
80, 24-10-2025 15:57:20,140.359,57.5,18.092,,,,,,,57.5,18.092
80, 24-10-2025 15:57:21,142.535,57.5,18.203,,,,,,,57.5,18.203
80, 24-10-2025 15:57:22,139.421,57.3,18.032,,,,,,,57.3,18.032
80, 24-10-2025 15:57:23,141.187,57.6,18.123,,,,,,,57.6,18.123
80, 24-10-2025 15:57:24,141.765,57.6,18.362,,,,,,,57.6,18.362
80, 24-10-2025 15:57:25,140.179,57,18.459,,,,,,,57,18.459
80, 24-10-2025 15:57:26,140.082,57,18.344,,,,,,,57,18.344
80, 24-10-2025 15:57:27,142.492,58.6,18.219,,,,,,,58.6,18.219
80, 24-10-2025 15:57:28,140.781,59.5,17.861,,,,,,,59.5,17.861
80, 24-10-2025 15:57:29,144.406,60.4,17.904,,,,,,,60.4,17.904
80, 24-10-2025 15:57:30,139.445,58,18.88,,,,,,,58,18.88
80, 24-10-2025 15:57:31,143.222,57.5,19.022,,,,,,,57.5,19.022
80, 24-10-2025 15:57:32,141.804,57.4,18.432,,,,,,,57.4,18.432
80, 24-10-2025 15:57:33,144.425,57.4,23.991,,,,,,,57.4,23.991
80, 24-10-2025 15:57:34,142.738,57.5,19.275,,,,,,,57.5,19.275
80, 24-10-2025 15:57:35,139.75,57.8,18.315,,,,,,,57.8,18.315
80, 24-10-2025 15:57:36,142.449,58.6,18.36,,,,,,,58.6,18.36
80, 24-10-2025 15:57:37,143.488,59.1,17.869,,,,,,,59.1,17.869
80, 24-10-2025 15:57:38,141.855,60.1,20.785,,,,,,,60.1,20.785
80, 24-10-2025 15:57:39,140.062,52.1,49.646,,,,,,,52.1,49.646
80, 24-10-2025 15:57:40,142.355,50.5,41.912,,,,,,,50.5,41.912
80, 24-10-2025 15:57:41,131.89,53.4,32.368,,,,,,,53.4,32.368
80, 24-10-2025 15:57:42,137.378,49.8,41.165,,,,,,,49.8,41.165
80, 24-10-2025 15:57:43,138.417,51.2,24.58,,,,,,,51.2,24.58
80, 24-10-2025 15:57:44,135.171,52.3,30.268,,,,,,,52.3,30.268
80, 24-10-2025 15:57:45,143.121,57.5,25.883,,,,,,,57.5,25.883
80, 24-10-2025 15:57:46,144.207,59.4,26.475,,,,,,,59.4,26.475
80, 24-10-2025 15:57:47,142.535,56.8,18.923,,,,,,,56.8,18.923
80, 24-10-2025 15:57:48,144.121,56.8,18.758,,,,,,,56.8,18.758
80, 24-10-2025 15:57:49,141.464,56.7,18.5,,,,,,,56.7,18.5
80, 24-10-2025 15:57:50,142.441,59.4,17.888,,,,,,,59.4,17.888
80, 24-10-2025 15:57:51,144.472,62.8,16.827,,,,,,,62.8,16.827
80, 24-10-2025 15:57:52,141.976,62.2,18.959,,,,,,,62.2,18.959
80, 24-10-2025 15:57:53,144.054,63.4,16.543,,,,,,,63.4,16.543
80, 24-10-2025 15:57:54,143.343,62.7,18.866,,,,,,,62.7,18.866
80, 24-10-2025 15:57:55,144.406,61.5,17.093,,,,,,,61.5,17.093
80, 24-10-2025 15:57:56,140.523,60.5,17.55,,,,,,,60.5,17.55
80, 24-10-2025 15:57:57,144.691,59.5,22.362,,,,,,,59.5,22.362
80, 24-10-2025 15:57:58,141.558,58.6,17.94,,,,,,,58.6,17.94
80, 24-10-2025 15:57:59,140.867,59.1,18.03,,,,,,,59.1,18.03
80, 24-10-2025 15:58:00,141.765,58.8,18.483,,,,,,,58.8,18.483
80, 24-10-2025 15:58:01,142.808,59.8,17.954,,,,,,,59.8,17.954
80, 24-10-2025 15:58:02,140.14,60.6,20.446,,,,,,,60.6,20.446
80, 24-10-2025 15:58:03,143.582,60.9,17.828,,,,,,,60.9,17.828
80, 24-10-2025 15:58:04,141.898,59.1,20.374,,,,,,,59.1,20.374
80, 24-10-2025 15:58:05,143.128,60,17.963,,,,,,,60,17.963
80, 24-10-2025 15:58:06,139.824,58.8,18.727,,,,,,,58.8,18.727
80, 24-10-2025 15:58:07,139.23,58.9,18.174,,,,,,,58.9,18.174
80, 24-10-2025 15:58:08,144.582,58.7,18.999,,,,,,,58.7,18.999
80, 24-10-2025 15:58:09,142.933,59.7,18.104,,,,,,,59.7,18.104
80, 24-10-2025 15:58:10,144.335,57.9,18.787,,,,,,,57.9,18.787
80, 24-10-2025 15:58:11,141.695,57.3,18.627,,,,,,,57.3,18.627
80, 24-10-2025 15:58:12,144.121,59.2,18.079,,,,,,,59.2,18.079
80, 24-10-2025 15:58:13,143.695,61,17.394,,,,,,,61,17.394
80, 24-10-2025 15:58:14,138.144,60.7,17.71,,,,,,,60.7,17.71
80, 24-10-2025 15:58:15,143.335,57.2,18.98,,,,,,,57.2,18.98
80, 24-10-2025 15:58:16,142.191,57.4,19.068,,,,,,,57.4,19.068
80, 24-10-2025 15:58:17,142.425,59.7,18.023,,,,,,,59.7,18.023
80, 24-10-2025 15:58:18,141.828,60,17.453,,,,,,,60,17.453
80, 24-10-2025 15:58:19,140.511,60.7,17.291,,,,,,,60.7,17.291
80, 24-10-2025 15:58:20,136.265,61.3,17.247,,,,,,,61.3,17.247
80, 24-10-2025 15:58:21,143.343,60.9,18.894,,,,,,,60.9,18.894
80, 24-10-2025 15:58:22,140.335,60.3,17.566,,,,,,,60.3,17.566
80, 24-10-2025 15:58:23,141.019,58.7,18.001,,,,,,,58.7,18.001
80, 24-10-2025 15:58:24,144.25,56,18.983,,,,,,,56,18.983
80, 24-10-2025 15:58:25,143.976,55,19.007,,,,,,,55,19.007
80, 24-10-2025 15:58:26,142.57,54.1,19.229,,,,,,,54.1,19.229
80, 24-10-2025 15:58:27,142.91,54,20.482,,,,,,,54,20.482
80, 24-10-2025 15:58:28,143.621,53.7,19.897,,,,,,,53.7,19.897
80, 24-10-2025 15:58:29,144.113,53.4,20.804,,,,,,,53.4,20.804
80, 24-10-2025 15:58:30,140.16,53.8,20.484,,,,,,,53.8,20.484
80, 24-10-2025 15:58:31,140,54.8,19.397,,,,,,,54.8,19.397
80, 24-10-2025 15:58:32,139.433,55.2,18.924,,,,,,,55.2,18.924
80, 24-10-2025 15:58:33,142.585,55.7,20.704,,,,,,,55.7,20.704
80, 24-10-2025 15:58:34,144.488,56.6,19.254,,,,,,,56.6,19.254
80, 24-10-2025 15:58:35,143.91,57.6,18.922,,,,,,,57.6,18.922
80, 24-10-2025 15:58:36,143.203,58.7,17.982,,,,,,,58.7,17.982
80, 24-10-2025 15:58:37,141.527,58.2,18.385,,,,,,,58.2,18.385
80, 24-10-2025 15:58:38,138.519,57.8,18.142,,,,,,,57.8,18.142
80, 24-10-2025 15:58:39,139.992,58.4,17.946,,,,,,,58.4,17.946
80, 24-10-2025 15:58:40,136.82,58.4,18.91,,,,,,,58.4,18.91
80, 24-10-2025 15:58:41,142.628,58.9,17.763,,,,,,,58.9,17.763
80, 24-10-2025 15:58:42,140,58.5,18.259,,,,,,,58.5,18.259
80, 24-10-2025 15:58:43,140.941,58.7,17.712,,,,,,,58.7,17.712
80, 24-10-2025 15:58:44,141.96,58,18.437,,,,,,,58,18.437
80, 24-10-2025 15:58:45,141.164,57,18.424,,,,,,,57,18.424
80, 24-10-2025 15:58:46,142.109,56.4,18.973,,,,,,,56.4,18.973
80, 24-10-2025 15:58:47,139.617,56.6,29.355,,,,,,,56.6,29.355
80, 24-10-2025 15:58:48,141.929,58.9,19.145,,,,,,,58.9,19.145
80, 24-10-2025 15:58:49,141.753,58.9,18.115,,,,,,,58.9,18.115
80, 24-10-2025 15:58:50,139.769,57.4,19.829,,,,,,,57.4,19.829
80, 24-10-2025 15:58:51,139.46,57.5,18.575,,,,,,,57.5,18.575
80, 24-10-2025 15:58:52,144.417,57.2,18.74,,,,,,,57.2,18.74
80, 24-10-2025 15:58:53,143.16,57.6,18.292,,,,,,,57.6,18.292
80, 24-10-2025 15:58:54,137.406,57,18.337,,,,,,,57,18.337
80, 24-10-2025 15:58:55,142.355,56.6,19.485,,,,,,,56.6,19.485
80, 24-10-2025 15:58:56,139.339,56.3,19.545,,,,,,,56.3,19.545
80, 24-10-2025 15:58:57,141.097,54.8,43.619,,,,,,,54.8,43.619
80, 24-10-2025 15:58:58,137.945,59.1,18.211,,,,,,,59.1,18.211
80, 24-10-2025 15:58:59,134.835,61.9,21.201,,,,,,,61.9,21.201
80, 24-10-2025 15:59:00,137.347,63.8,16.506,,,,,,,63.8,16.506
80, 24-10-2025 15:59:01,141.664,62.7,22.115,,,,,,,62.7,22.115
80, 24-10-2025 15:59:02,140.476,64.6,17.977,,,,,,,64.6,17.977
80, 24-10-2025 15:59:03,141.207,62.8,16.878,,,,,,,62.8,16.878
80, 24-10-2025 15:59:04,139.976,62.6,16.555,,,,,,,62.6,16.555
80, 24-10-2025 15:59:05,144.839,62.3,16.877,,,,,,,62.3,16.877
80, 24-10-2025 15:59:06,142.492,62.4,16.89,,,,,,,62.4,16.89
80, 24-10-2025 15:59:07,142.937,62.4,17.458,,,,,,,62.4,17.458
80, 24-10-2025 15:59:08,142.851,55.8,21.554,,,,,,,55.8,21.554
80, 24-10-2025 15:59:09,139.109,58.9,29.213,,,,,,,58.9,29.213
80, 24-10-2025 15:59:10,138.628,70.3,15.463,,,,,,,70.3,15.463
80, 24-10-2025 15:59:11,143.199,73.7,15.051,,,,,,,73.7,15.051
80, 24-10-2025 15:59:12,136.871,73.4,16.926,,,,,,,73.4,16.926
80, 24-10-2025 15:59:13,142.652,68,21.409,,,,,,,68,21.409
80, 24-10-2025 15:59:14,140.968,57.3,18.783,,,,,,,57.3,18.783
80, 24-10-2025 15:59:15,141.773,54.9,19.895,,,,,,,54.9,19.895
80, 24-10-2025 15:59:16,138.285,53,20.011,,,,,,,53,20.011
80, 24-10-2025 15:59:17,139.992,50.6,20.294,,,,,,,50.6,20.294
80, 24-10-2025 15:59:18,138.273,50.7,20.743,,,,,,,50.7,20.743
80, 24-10-2025 15:59:19,142.863,50.8,20.893,,,,,,,50.8,20.893
80, 24-10-2025 15:59:20,143.66,47.9,21.97,,,,,,,47.9,21.97
80, 24-10-2025 15:59:21,139.839,47.3,22.029,,,,,,,47.3,22.029
80, 24-10-2025 15:59:22,140.011,46.1,22.329,,,,,,,46.1,22.329
80, 24-10-2025 15:59:23,142.117,46.4,22.111,,,,,,,46.4,22.111
80, 24-10-2025 15:59:24,143.136,48.2,21.82,,,,,,,48.2,21.82
80, 24-10-2025 15:59:25,139.523,49.3,21.524,,,,,,,49.3,21.524
80, 24-10-2025 15:59:26,141.882,52.9,20.389,,,,,,,52.9,20.389
80, 24-10-2025 15:59:27,140.214,57.8,18.165,,,,,,,57.8,18.165
80, 24-10-2025 15:59:28,141.812,55.7,19.318,,,,,,,55.7,19.318
80, 24-10-2025 15:59:29,144.082,55.1,19.042,,,,,,,55.1,19.042
80, 24-10-2025 15:59:30,140.14,54.4,19.289,,,,,,,54.4,19.289
80, 24-10-2025 15:59:31,139.546,53.5,19.334,,,,,,,53.5,19.334
80, 24-10-2025 15:59:32,138.16,54.4,19.217,,,,,,,54.4,19.217
80, 24-10-2025 15:59:33,140.468,55.8,18.472,,,,,,,55.8,18.472
80, 24-10-2025 15:59:34,136.535,56.3,18.752,,,,,,,56.3,18.752
80, 24-10-2025 15:59:35,140.855,56,19.293,,,,,,,56,19.293
80, 24-10-2025 15:59:36,138.113,56.6,18.373,,,,,,,56.6,18.373
80, 24-10-2025 15:59:37,139.761,56.6,18.547,,,,,,,56.6,18.547
80, 24-10-2025 15:59:38,140.546,56.7,18.24,,,,,,,56.7,18.24
80, 24-10-2025 15:59:39,139.152,56.4,18.442,,,,,,,56.4,18.442
80, 24-10-2025 15:59:40,138.41,56.9,18.642,,,,,,,56.9,18.642
80, 24-10-2025 15:59:41,141.207,56.1,18.474,,,,,,,56.1,18.474
80, 24-10-2025 15:59:42,139.425,55.7,19.013,,,,,,,55.7,19.013
80, 24-10-2025 15:59:43,141.546,56.2,18.831,,,,,,,56.2,18.831
80, 24-10-2025 15:59:44,140.246,54.9,19.324,,,,,,,54.9,19.324
80, 24-10-2025 15:59:45,138.832,54.6,19.013,,,,,,,54.6,19.013
80, 24-10-2025 15:59:46,141.492,54,19.265,,,,,,,54,19.265
80, 24-10-2025 15:59:47,136.488,53.2,19.674,,,,,,,53.2,19.674
80, 24-10-2025 15:59:48,138.746,52.5,19.962,,,,,,,52.5,19.962
80, 24-10-2025 15:59:49,140.031,52.3,19.992,,,,,,,52.3,19.992
80, 24-10-2025 15:59:50,136.601,52.1,20.049,,,,,,,52.1,20.049
80, 24-10-2025 15:59:51,138.527,51.9,20.663,,,,,,,51.9,20.663
80, 24-10-2025 15:59:52,139.281,52,20.419,,,,,,,52,20.419
80, 24-10-2025 15:59:53,138.167,60.7,17.47,,,,,,,60.7,17.47
80, 24-10-2025 15:59:54,136.167,60.5,17.781,,,,,,,60.5,17.781
80, 24-10-2025 15:59:55,136.71,59.3,17.955,,,,,,,59.3,17.955
80, 24-10-2025 15:59:56,140.746,59.3,17.699,,,,,,,59.3,17.699
80, 24-10-2025 15:59:57,141.617,59.2,28.28,,,,,,,59.2,28.28
80, 24-10-2025 15:59:58,138.917,59.7,17.612,,,,,,,59.7,17.612
80, 24-10-2025 15:59:59,140.367,59.2,18.116,,,,,,,59.2,18.116
80, 24-10-2025 16:00:00,138.898,58.5,17.949,,,,,,,58.5,17.949
80, 24-10-2025 16:00:01,140.457,59,17.799,,,,,,,59,17.799
80, 24-10-2025 16:00:02,139.164,58.7,21.439,,,,,,,58.7,21.439
80, 24-10-2025 16:00:03,139.023,60.4,17.588,,,,,,,60.4,17.588
80, 24-10-2025 16:00:04,139.964,59.9,17.539,,,,,,,59.9,17.539
80, 24-10-2025 16:00:05,135.167,59,17.815,,,,,,,59,17.815
80, 24-10-2025 16:00:06,141.57,58.3,18.04,,,,,,,58.3,18.04
80, 24-10-2025 16:00:07,142.23,58.1,18.074,,,,,,,58.1,18.074
80, 24-10-2025 16:00:08,137.152,58.3,18.236,,,,,,,58.3,18.236
80, 24-10-2025 16:00:09,139.214,58.2,17.962,,,,,,,58.2,17.962
80, 24-10-2025 16:00:10,138.265,57.9,18.03,,,,,,,57.9,18.03
80, 24-10-2025 16:00:11,138.875,58.8,17.938,,,,,,,58.8,17.938
80, 24-10-2025 16:00:12,138.769,58,18.129,,,,,,,58,18.129
80, 24-10-2025 16:00:13,138.597,55.6,19.346,,,,,,,55.6,19.346
80, 24-10-2025 16:00:14,143.761,54.9,19.713,,,,,,,54.9,19.713
80, 24-10-2025 16:00:15,140.335,55.3,19.918,,,,,,,55.3,19.918
80, 24-10-2025 16:00:16,141.667,55.5,18.7,,,,,,,55.5,18.7
80, 24-10-2025 16:00:17,135.437,56.3,18.606,,,,,,,56.3,18.606
80, 24-10-2025 16:00:18,141.707,55.8,18.666,,,,,,,55.8,18.666
80, 24-10-2025 16:00:19,140.894,55.4,18.901,,,,,,,55.4,18.901
80, 24-10-2025 16:00:20,135.558,55.8,18.802,,,,,,,55.8,18.802
80, 24-10-2025 16:00:21,142.718,55.9,18.797,,,,,,,55.9,18.797
80, 24-10-2025 16:00:22,142.628,55.5,19.078,,,,,,,55.5,19.078
80, 24-10-2025 16:00:23,136.824,55.1,18.818,,,,,,,55.1,18.818
80, 24-10-2025 16:00:24,139.816,55,18.926,,,,,,,55,18.926
80, 24-10-2025 16:00:25,141.48,56.4,18.564,,,,,,,56.4,18.564
80, 24-10-2025 16:00:26,141.917,58,19.607,,,,,,,58,19.607
80, 24-10-2025 16:00:27,138.726,78.9,16.003,,,,,,,78.9,16.003
80, 24-10-2025 16:00:28,141.468,65.7,15.907,,,,,,,65.7,15.907
80, 24-10-2025 16:00:29,141.121,65.2,16.277,,,,,,,65.2,16.277
80, 24-10-2025 16:00:30,139.375,63.2,16.663,,,,,,,63.2,16.663
80, 24-10-2025 16:00:31,136.937,63.8,16.437,,,,,,,63.8,16.437
80, 24-10-2025 16:00:32,141.304,64.6,16.723,,,,,,,64.6,16.723
80, 24-10-2025 16:00:33,142.152,63.3,16.828,,,,,,,63.3,16.828
80, 24-10-2025 16:00:34,142.714,69.2,16.582,,,,,,,69.2,16.582
80, 24-10-2025 16:00:35,142.464,72.3,15.618,,,,,,,72.3,15.618
80, 24-10-2025 16:00:36,139.878,60.8,18.158,,,,,,,60.8,18.158
80, 24-10-2025 16:00:37,137.863,56.6,18.431,,,,,,,56.6,18.431
80, 24-10-2025 16:00:38,135.968,56.9,18.349,,,,,,,56.9,18.349
80, 24-10-2025 16:00:39,139.886,57.3,18.43,,,,,,,57.3,18.43
80, 24-10-2025 16:00:40,137.105,57.6,18.084,,,,,,,57.6,18.084
80, 24-10-2025 16:00:41,136.519,57.2,19.401,,,,,,,57.2,19.401
80, 24-10-2025 16:00:42,140.355,57.1,18.381,,,,,,,57.1,18.381
80, 24-10-2025 16:00:43,141.285,57,18.429,,,,,,,57,18.429
80, 24-10-2025 16:00:44,144.085,56.8,18.448,,,,,,,56.8,18.448
80, 24-10-2025 16:00:45,136.097,56.5,18.709,,,,,,,56.5,18.709
80, 24-10-2025 16:00:46,137.925,59.6,18.903,,,,,,,59.6,18.903
80, 24-10-2025 16:00:47,140.679,62.1,17.107,,,,,,,62.1,17.107
80, 24-10-2025 16:00:48,139.167,61.9,17.109,,,,,,,61.9,17.109
80, 24-10-2025 16:00:49,142.914,64.6,16.367,,,,,,,64.6,16.367
80, 24-10-2025 16:00:50,138.699,65.5,16.062,,,,,,,65.5,16.062
80, 24-10-2025 16:00:51,139.042,65.1,16.282,,,,,,,65.1,16.282
80, 24-10-2025 16:00:52,143.402,63.5,18.222,,,,,,,63.5,18.222
80, 24-10-2025 16:00:53,141.312,58,18.346,,,,,,,58,18.346
80, 24-10-2025 16:00:54,139.21,57.7,18.836,,,,,,,57.7,18.836
80, 24-10-2025 16:00:55,140.851,59.3,18.345,,,,,,,59.3,18.345
80, 24-10-2025 16:00:56,138.64,57.4,19.141,,,,,,,57.4,19.141
80, 24-10-2025 16:00:57,143.203,58,23.901,,,,,,,58,23.901
80, 24-10-2025 16:00:58,137.285,60,17.805,,,,,,,60,17.805
80, 24-10-2025 16:00:59,142.953,56.5,19.156,,,,,,,56.5,19.156
80, 24-10-2025 16:01:00,139.898,54.5,19.482,,,,,,,54.5,19.482
80, 24-10-2025 16:01:01,143.117,53.3,19.805,,,,,,,53.3,19.805
80, 24-10-2025 16:01:02,139.878,53.4,21.854,,,,,,,53.4,21.854
80, 24-10-2025 16:01:03,141.121,53.7,19.422,,,,,,,53.7,19.422
80, 24-10-2025 16:01:04,140.683,53.4,19.656,,,,,,,53.4,19.656
80, 24-10-2025 16:01:05,138.23,52.8,19.674,,,,,,,52.8,19.674
80, 24-10-2025 16:01:06,143.273,53,19.924,,,,,,,53,19.924
80, 24-10-2025 16:01:07,142.531,53.3,19.769,,,,,,,53.3,19.769
80, 24-10-2025 16:01:08,138.75,53.7,19.637,,,,,,,53.7,19.637
80, 24-10-2025 16:01:09,137.121,53.9,19.623,,,,,,,53.9,19.623
80, 24-10-2025 16:01:10,139.988,55.6,19.013,,,,,,,55.6,19.013
80, 24-10-2025 16:01:11,137.113,56,18.827,,,,,,,56,18.827
80, 24-10-2025 16:01:12,139.015,55.6,19.374,,,,,,,55.6,19.374
80, 24-10-2025 16:01:13,138.957,56.5,19.364,,,,,,,56.5,19.364
80, 24-10-2025 16:01:14,143.14,58.3,18.468,,,,,,,58.3,18.468
80, 24-10-2025 16:01:15,143.699,58.3,18.509,,,,,,,58.3,18.509
80, 24-10-2025 16:01:16,135.742,60.1,17.939,,,,,,,60.1,17.939
80, 24-10-2025 16:01:17,141.921,61.2,17.408,,,,,,,61.2,17.408
80, 24-10-2025 16:01:18,140.371,60.8,18.484,,,,,,,60.8,18.484
80, 24-10-2025 16:01:19,140.57,60.1,17.583,,,,,,,60.1,17.583
80, 24-10-2025 16:01:20,136.73,58.3,17.875,,,,,,,58.3,17.875
80, 24-10-2025 16:01:21,141.281,57.9,18.718,,,,,,,57.9,18.718
80, 24-10-2025 16:01:22,139.625,57.9,20.125,,,,,,,57.9,20.125
80, 24-10-2025 16:01:23,141.378,58.6,17.858,,,,,,,58.6,17.858
80, 24-10-2025 16:01:24,143.695,59.3,17.79,,,,,,,59.3,17.79
80, 24-10-2025 16:01:25,137.742,58.6,17.8,,,,,,,58.6,17.8
80, 24-10-2025 16:01:26,135.953,57.7,18.579,,,,,,,57.7,18.579
80, 24-10-2025 16:01:27,141.929,56.1,20.165,,,,,,,56.1,20.165
80, 24-10-2025 16:01:28,142.019,54.9,19.583,,,,,,,54.9,19.583
80, 24-10-2025 16:01:29,139.277,53.7,20.308,,,,,,,53.7,20.308
80, 24-10-2025 16:01:30,142.398,53.2,20.7,,,,,,,53.2,20.7
80, 24-10-2025 16:01:31,141.789,53.4,19.908,,,,,,,53.4,19.908
80, 24-10-2025 16:01:32,142.019,53.7,19.406,,,,,,,53.7,19.406
80, 24-10-2025 16:01:33,138.546,53.1,20.147,,,,,,,53.1,20.147
80, 24-10-2025 16:01:34,141.957,52.4,21.371,,,,,,,52.4,21.371
80, 24-10-2025 16:01:35,142.335,52.1,20.853,,,,,,,52.1,20.853
80, 24-10-2025 16:01:36,138.535,51.9,21.435,,,,,,,51.9,21.435
80, 24-10-2025 16:01:37,142.582,51.7,20.349,,,,,,,51.7,20.349
80, 24-10-2025 16:01:38,141.539,52,20.209,,,,,,,52,20.209
80, 24-10-2025 16:01:39,140.867,52.6,20.562,,,,,,,52.6,20.562
80, 24-10-2025 16:01:40,143.48,59.2,18.817,,,,,,,59.2,18.817
80, 24-10-2025 16:01:41,142.636,60.6,18.582,,,,,,,60.6,18.582
80, 24-10-2025 16:01:42,140.625,62.3,17.662,,,,,,,62.3,17.662
80, 24-10-2025 16:01:43,137.433,64.1,16.748,,,,,,,64.1,16.748
80, 24-10-2025 16:01:44,138.55,65,16.392,,,,,,,65,16.392
80, 24-10-2025 16:01:45,140.343,65.4,16.509,,,,,,,65.4,16.509
80, 24-10-2025 16:01:46,138.816,65.4,16.235,,,,,,,65.4,16.235
80, 24-10-2025 16:01:47,136.121,65.8,15.881,,,,,,,65.8,15.881
80, 24-10-2025 16:01:48,142.664,63.5,16.832,,,,,,,63.5,16.832
80, 24-10-2025 16:01:49,137.128,63.7,16.687,,,,,,,63.7,16.687
80, 24-10-2025 16:01:50,137.55,61.9,17.361,,,,,,,61.9,17.361
80, 24-10-2025 16:01:51,138.371,61.6,17.127,,,,,,,61.6,17.127
80, 24-10-2025 16:01:52,138.71,63.6,16.463,,,,,,,63.6,16.463
80, 24-10-2025 16:01:53,139.707,62.9,17.23,,,,,,,62.9,17.23
80, 24-10-2025 16:01:54,141.05,61.4,18.041,,,,,,,61.4,18.041
80, 24-10-2025 16:01:55,135.203,60.7,17.691,,,,,,,60.7,17.691
80, 24-10-2025 16:01:56,130.707,58.9,22.611,,,,,,,58.9,22.611
80, 24-10-2025 16:01:57,143.464,57.1,25.844,,,,,,,57.1,25.844
80, 24-10-2025 16:01:58,140.738,57.3,19.318,,,,,,,57.3,19.318
80, 24-10-2025 16:01:59,140.656,56.9,18.449,,,,,,,56.9,18.449
80, 24-10-2025 16:02:00,135.89,56.5,18.866,,,,,,,56.5,18.866
80, 24-10-2025 16:02:01,141.597,56.2,19.003,,,,,,,56.2,19.003
80, 24-10-2025 16:02:02,139.687,55.7,23.036,,,,,,,55.7,23.036
80, 24-10-2025 16:02:03,137.82,56.1,19.146,,,,,,,56.1,19.146
80, 24-10-2025 16:02:04,136.992,56.2,18.828,,,,,,,56.2,18.828
80, 24-10-2025 16:02:05,135.812,55.8,19.179,,,,,,,55.8,19.179
80, 24-10-2025 16:02:06,140.925,55.5,19.064,,,,,,,55.5,19.064
80, 24-10-2025 16:02:07,139.949,54.4,19.828,,,,,,,54.4,19.828
80, 24-10-2025 16:02:08,135.578,55.1,19.231,,,,,,,55.1,19.231
80, 24-10-2025 16:02:09,140.128,57.6,18.766,,,,,,,57.6,18.766
80, 24-10-2025 16:02:10,137.98,58.5,19.213,,,,,,,58.5,19.213
80, 24-10-2025 16:02:11,137.128,50.5,21.65,,,,,,,50.5,21.65
80, 24-10-2025 16:02:12,140.074,50.4,23.437,,,,,,,50.4,23.437
80, 24-10-2025 16:02:13,140.16,75.5,18.188,,,,,,,75.5,18.188
80, 24-10-2025 16:02:14,137.437,68.4,17.081,,,,,,,68.4,17.081
80, 24-10-2025 16:02:15,136.312,60.2,17.665,,,,,,,60.2,17.665
80, 24-10-2025 16:02:16,143.574,58.7,18.506,,,,,,,58.7,18.506
80, 24-10-2025 16:02:17,137.332,58.2,18.334,,,,,,,58.2,18.334
80, 24-10-2025 16:02:18,141.539,55.3,19.199,,,,,,,55.3,19.199
80, 24-10-2025 16:02:19,138.582,53.5,19.798,,,,,,,53.5,19.798
80, 24-10-2025 16:02:20,143.519,52.5,20.371,,,,,,,52.5,20.371
80, 24-10-2025 16:02:21,137.472,49.2,22.047,,,,,,,49.2,22.047
80, 24-10-2025 16:02:22,142.859,52.3,20.652,,,,,,,52.3,20.652
80, 24-10-2025 16:02:23,141.875,52.4,20.399,,,,,,,52.4,20.399
80, 24-10-2025 16:02:24,142.871,49.3,21.961,,,,,,,49.3,21.961
80, 24-10-2025 16:02:25,141.574,45.3,23.571,,,,,,,45.3,23.571
80, 24-10-2025 16:02:26,136.785,45.5,23.217,,,,,,,45.5,23.217
80, 24-10-2025 16:02:27,141.609,48.1,22.217,,,,,,,48.1,22.217
80, 24-10-2025 16:02:28,139.339,58.7,19.119,,,,,,,58.7,19.119
80, 24-10-2025 16:02:29,142.191,49.4,22.527,,,,,,,49.4,22.527
80, 24-10-2025 16:02:30,143.343,48.8,22.01,,,,,,,48.8,22.01
80, 24-10-2025 16:02:31,141.824,50.7,20.944,,,,,,,50.7,20.944
80, 24-10-2025 16:02:32,139.867,48.9,21.661,,,,,,,48.9,21.661
80, 24-10-2025 16:02:33,139.082,60.4,20.958,,,,,,,60.4,20.958
80, 24-10-2025 16:02:34,139.832,72.8,15.012,,,,,,,72.8,15.012
80, 24-10-2025 16:02:35,139.679,59.5,19.652,,,,,,,59.5,19.652
80, 24-10-2025 16:02:36,140.328,49.5,22.121,,,,,,,49.5,22.121
80, 24-10-2025 16:02:37,140.14,47.9,21.96,,,,,,,47.9,21.96
80, 24-10-2025 16:02:38,141.988,46.9,22.767,,,,,,,46.9,22.767
80, 24-10-2025 16:02:39,141.625,46.7,22.447,,,,,,,46.7,22.447
80, 24-10-2025 16:02:40,140.32,47.2,22.141,,,,,,,47.2,22.141
80, 24-10-2025 16:02:41,139.101,47.6,23.23,,,,,,,47.6,23.23
80, 24-10-2025 16:02:42,139.914,48,22.104,,,,,,,48,22.104
80, 24-10-2025 16:02:43,137.558,49.8,21.386,,,,,,,49.8,21.386
80, 24-10-2025 16:02:44,141.253,48.8,21.74,,,,,,,48.8,21.74
80, 24-10-2025 16:02:45,136.109,49.8,21.105,,,,,,,49.8,21.105
80, 24-10-2025 16:02:46,140.191,50.3,21.124,,,,,,,50.3,21.124
80, 24-10-2025 16:02:47,137.117,50.1,21.182,,,,,,,50.1,21.182
80, 24-10-2025 16:02:48,135.742,50,20.929,,,,,,,50,20.929
80, 24-10-2025 16:02:49,145.16,50.7,20.595,,,,,,,50.7,20.595
80, 24-10-2025 16:02:50,141.492,50.6,20.868,,,,,,,50.6,20.868
80, 24-10-2025 16:02:51,140.562,50.5,20.827,,,,,,,50.5,20.827
80, 24-10-2025 16:02:52,141.746,50.5,20.948,,,,,,,50.5,20.948
80, 24-10-2025 16:02:53,141.546,50.7,20.764,,,,,,,50.7,20.764
80, 24-10-2025 16:02:54,139.277,53.1,19.945,,,,,,,53.1,19.945
80, 24-10-2025 16:02:55,137.464,51.2,20.343,,,,,,,51.2,20.343
80, 24-10-2025 16:02:56,143.914,56.9,20.144,,,,,,,56.9,20.144
80, 24-10-2025 16:02:57,139.429,67.8,21.868,,,,,,,67.8,21.868
80, 24-10-2025 16:02:58,142.496,72.6,14.644,,,,,,,72.6,14.644
80, 24-10-2025 16:02:59,140.003,73.4,14.294,,,,,,,73.4,14.294
80, 24-10-2025 16:03:00,142.859,73.6,14.355,,,,,,,73.6,14.355
80, 24-10-2025 16:03:01,138.921,72.8,16.309,,,,,,,72.8,16.309
80, 24-10-2025 16:03:02,142.156,73.3,17.14,,,,,,,73.3,17.14
80, 24-10-2025 16:03:03,140.152,68.6,17.141,,,,,,,68.6,17.141
80, 24-10-2025 16:03:04,140.738,60.6,19.248,,,,,,,60.6,19.248
80, 24-10-2025 16:03:05,140.546,62.8,16.659,,,,,,,62.8,16.659
80, 24-10-2025 16:03:06,136.914,62.6,16.597,,,,,,,62.6,16.597
80, 24-10-2025 16:03:07,137.484,62.7,16.862,,,,,,,62.7,16.862
80, 24-10-2025 16:03:08,141.976,62.1,16.946,,,,,,,62.1,16.946
80, 24-10-2025 16:03:09,138.503,61.3,17.162,,,,,,,61.3,17.162
80, 24-10-2025 16:03:10,138.187,60.7,17.356,,,,,,,60.7,17.356
80, 24-10-2025 16:03:11,137.734,59.9,17.577,,,,,,,59.9,17.577
80, 24-10-2025 16:03:12,140.046,60.1,17.541,,,,,,,60.1,17.541
80, 24-10-2025 16:03:13,136.019,60,17.391,,,,,,,60,17.391
80, 24-10-2025 16:03:14,138.652,59,18.077,,,,,,,59,18.077
80, 24-10-2025 16:03:15,140.152,58.9,17.692,,,,,,,58.9,17.692
80, 24-10-2025 16:03:16,135.988,58.3,19.902,,,,,,,58.3,19.902
80, 24-10-2025 16:03:17,139.046,59.2,17.492,,,,,,,59.2,17.492
80, 24-10-2025 16:03:18,142.738,58.8,17.744,,,,,,,58.8,17.744
80, 24-10-2025 16:03:19,139.753,59,17.758,,,,,,,59,17.758
80, 24-10-2025 16:03:20,137.976,59,17.667,,,,,,,59,17.667
80, 24-10-2025 16:03:21,140.503,57.9,18.064,,,,,,,57.9,18.064
80, 24-10-2025 16:03:22,138.8,57.8,18.426,,,,,,,57.8,18.426
80, 24-10-2025 16:03:23,138.847,58.2,17.93,,,,,,,58.2,17.93
80, 24-10-2025 16:03:24,140.71,58.2,18.155,,,,,,,58.2,18.155
80, 24-10-2025 16:03:25,139.835,58,17.909,,,,,,,58,17.909
80, 24-10-2025 16:03:26,140.05,58,18.846,,,,,,,58,18.846
80, 24-10-2025 16:03:27,138.085,58,18.102,,,,,,,58,18.102
80, 24-10-2025 16:03:28,144.507,57.6,18.194,,,,,,,57.6,18.194
80, 24-10-2025 16:03:29,144.046,57.4,18.151,,,,,,,57.4,18.151
80, 24-10-2025 16:03:30,141.757,59.8,18.424,,,,,,,59.8,18.424
80, 24-10-2025 16:03:31,141.363,63.5,16.365,,,,,,,63.5,16.365
80, 24-10-2025 16:03:32,142.269,61.8,17.005,,,,,,,61.8,17.005
80, 24-10-2025 16:03:33,144.191,59.7,17.832,,,,,,,59.7,17.832
80, 24-10-2025 16:03:34,142.195,57.9,18.69,,,,,,,57.9,18.69
80, 24-10-2025 16:03:35,142.699,56.5,19.279,,,,,,,56.5,19.279
80, 24-10-2025 16:03:36,139.539,56.3,19.254,,,,,,,56.3,19.254
80, 24-10-2025 16:03:37,140.851,57.1,18.485,,,,,,,57.1,18.485
80, 24-10-2025 16:03:38,140.976,56.9,19.034,,,,,,,56.9,19.034
80, 24-10-2025 16:03:39,139.562,57.1,18.451,,,,,,,57.1,18.451
80, 24-10-2025 16:03:40,136.464,57,18.751,,,,,,,57,18.751
80, 24-10-2025 16:03:41,138.48,58.7,18.331,,,,,,,58.7,18.331
80, 24-10-2025 16:03:42,140.683,59.4,18.028,,,,,,,59.4,18.028
80, 24-10-2025 16:03:43,142.789,60.2,17.887,,,,,,,60.2,17.887
80, 24-10-2025 16:03:44,142.816,58.9,18.283,,,,,,,58.9,18.283
80, 24-10-2025 16:03:45,140.613,58.4,18.268,,,,,,,58.4,18.268
80, 24-10-2025 16:03:46,141.48,57.7,18.459,,,,,,,57.7,18.459
80, 24-10-2025 16:03:47,139.585,53.6,34.477,,,,,,,53.6,34.477
80, 24-10-2025 16:03:48,140.324,55.7,23.192,,,,,,,55.7,23.192
80, 24-10-2025 16:03:49,135.48,58.8,24.788,,,,,,,58.8,24.788
80, 24-10-2025 16:03:50,137.039,59.8,19.603,,,,,,,59.8,19.603
80, 24-10-2025 16:03:51,135.503,59.7,25.336,,,,,,,59.7,25.336
80, 24-10-2025 16:03:52,140.816,57.6,20.082,,,,,,,57.6,20.082
80, 24-10-2025 16:03:53,139.683,58,19.296,,,,,,,58,19.296
80, 24-10-2025 16:03:54,142.109,57.7,18.748,,,,,,,57.7,18.748
80, 24-10-2025 16:03:55,139.539,57.4,18.688,,,,,,,57.4,18.688
80, 24-10-2025 16:03:56,132.984,55.9,24.702,,,,,,,55.9,24.702
80, 24-10-2025 16:03:57,142.55,54.7,44.951,,,,,,,54.7,44.951
80, 24-10-2025 16:03:58,141,53.5,22.108,,,,,,,53.5,22.108
80, 24-10-2025 16:03:59,140.21,53.6,24.6,,,,,,,53.6,24.6
80, 24-10-2025 16:04:00,144.007,57.5,21.178,,,,,,,57.5,21.178
80, 24-10-2025 16:04:01,134.597,59.5,18.182,,,,,,,59.5,18.182
80, 24-10-2025 16:04:02,138.574,57.9,25.791,,,,,,,57.9,25.791
80, 24-10-2025 16:04:03,142.304,59,18.005,,,,,,,59,18.005
80, 24-10-2025 16:04:04,134.281,60,19.045,,,,,,,60,19.045
80, 24-10-2025 16:04:05,142.777,62.1,16.891,,,,,,,62.1,16.891
80, 24-10-2025 16:04:06,143.722,63.5,16.869,,,,,,,63.5,16.869
80, 24-10-2025 16:04:07,143.292,63.4,20.69,,,,,,,63.4,20.69
80, 24-10-2025 16:04:08,139.214,63.8,17.047,,,,,,,63.8,17.047
80, 24-10-2025 16:04:09,141.992,63.9,16.959,,,,,,,63.9,16.959
80, 24-10-2025 16:04:10,140.5,63.8,16.981,,,,,,,63.8,16.981
80, 24-10-2025 16:04:11,138.835,63.5,16.812,,,,,,,63.5,16.812
80, 24-10-2025 16:04:12,141.171,61.3,40.274,,,,,,,61.3,40.274
80, 24-10-2025 16:04:13,140.398,63.5,20.067,,,,,,,63.5,20.067
80, 24-10-2025 16:04:14,137.125,62.7,20.396,,,,,,,62.7,20.396
80, 24-10-2025 16:04:15,138.324,60.6,26.894,,,,,,,60.6,26.894
80, 24-10-2025 16:04:16,138.156,60,20.313,,,,,,,60,20.313
80, 24-10-2025 16:04:17,138.734,58.3,25.916,,,,,,,58.3,25.916
80, 24-10-2025 16:04:18,144.964,56.8,33.501,,,,,,,56.8,33.501
80, 24-10-2025 16:04:19,140.539,58.3,18.394,,,,,,,58.3,18.394
80, 24-10-2025 16:04:20,137.027,62.1,17.615,,,,,,,62.1,17.615
80, 24-10-2025 16:04:21,143.898,63,17.44,,,,,,,63,17.44
80, 24-10-2025 16:04:22,140.832,62.1,17.619,,,,,,,62.1,17.619
80, 24-10-2025 16:04:23,140.32,69.1,15.802,,,,,,,69.1,15.802
80, 24-10-2025 16:04:24,136.539,59.8,25.781,,,,,,,59.8,25.781
80, 24-10-2025 16:04:25,139.828,55.8,24.953,,,,,,,55.8,24.953
80, 24-10-2025 16:04:26,140.058,61.9,21.585,,,,,,,61.9,21.585
80, 24-10-2025 16:04:27,143.003,59.4,17.936,,,,,,,59.4,17.936
80, 24-10-2025 16:04:28,134.613,58.9,18.974,,,,,,,58.9,18.974
80, 24-10-2025 16:04:29,138.347,59.6,17.956,,,,,,,59.6,17.956
80, 24-10-2025 16:04:30,134.738,59.9,21.029,,,,,,,59.9,21.029
80, 24-10-2025 16:04:31,141.07,58.9,18.205,,,,,,,58.9,18.205
80, 24-10-2025 16:04:32,142.125,58.2,20.526,,,,,,,58.2,20.526
80, 24-10-2025 16:04:33,141.707,59.2,18.025,,,,,,,59.2,18.025
80, 24-10-2025 16:04:34,139.574,58.7,20.519,,,,,,,58.7,20.519
80, 24-10-2025 16:04:35,140.644,59.2,17.719,,,,,,,59.2,17.719
80, 24-10-2025 16:04:36,141.203,59.7,17.935,,,,,,,59.7,17.935
80, 24-10-2025 16:04:37,140.796,55.6,48.912,,,,,,,55.6,48.912
80, 24-10-2025 16:04:38,138.511,59.3,18.569,,,,,,,59.3,18.569
80, 24-10-2025 16:04:39,142.128,55.1,24.515,,,,,,,55.1,24.515
80, 24-10-2025 16:04:40,142.714,54.7,19.319,,,,,,,54.7,19.319
80, 24-10-2025 16:04:41,140.351,55.2,19.066,,,,,,,55.2,19.066
80, 24-10-2025 16:04:42,136.824,55.1,18.898,,,,,,,55.1,18.898
80, 24-10-2025 16:04:43,141.472,55.9,18.947,,,,,,,55.9,18.947
80, 24-10-2025 16:04:44,136.933,57,19.456,,,,,,,57,19.456
80, 24-10-2025 16:04:45,143.089,56.5,23.188,,,,,,,56.5,23.188
80, 24-10-2025 16:04:46,140.011,55.3,20.812,,,,,,,55.3,20.812
80, 24-10-2025 16:04:47,139.523,57,18.83,,,,,,,57,18.83
80, 24-10-2025 16:04:48,139.339,56.9,19.286,,,,,,,56.9,19.286
80, 24-10-2025 16:04:49,141.98,52.9,26.346,,,,,,,52.9,26.346
80, 24-10-2025 16:04:50,136.203,55,22.854,,,,,,,55,22.854
80, 24-10-2025 16:04:51,133.847,50.6,27.541,,,,,,,50.6,27.541
80, 24-10-2025 16:04:52,134.585,47.7,29.502,,,,,,,47.7,29.502
80, 24-10-2025 16:04:53,132.441,46.7,27.054,,,,,,,46.7,27.054
80, 24-10-2025 16:04:54,138.617,50.8,31.964,,,,,,,50.8,31.964
80, 24-10-2025 16:04:55,142.496,53.6,25.921,,,,,,,53.6,25.921
80, 24-10-2025 16:04:56,131.871,55.6,27.548,,,,,,,55.6,27.548
80, 24-10-2025 16:04:57,130.394,53,47.179,,,,,,,53,47.179
80, 24-10-2025 16:04:58,139.824,59.4,25.341,,,,,,,59.4,25.341
80, 24-10-2025 16:04:59,140.554,59.8,23.185,,,,,,,59.8,23.185
80, 24-10-2025 16:05:00,140.394,58.3,29.74,,,,,,,58.3,29.74
80, 24-10-2025 16:05:01,143.011,59.8,24.442,,,,,,,59.8,24.442
80, 24-10-2025 16:05:02,144.253,60.9,22.588,,,,,,,60.9,22.588
80, 24-10-2025 16:05:03,138.64,59.9,29.905,,,,,,,59.9,29.905
80, 24-10-2025 16:05:04,136.367,61.4,22.135,,,,,,,61.4,22.135
80, 24-10-2025 16:05:05,136.566,60.2,31.401,,,,,,,60.2,31.401
80, 24-10-2025 16:05:06,140.703,60.7,27.2,,,,,,,60.7,27.2
80, 24-10-2025 16:05:07,138.613,59.2,23.239,,,,,,,59.2,23.239
80, 24-10-2025 16:05:08,142.796,59.2,19.985,,,,,,,59.2,19.985
80, 24-10-2025 16:05:09,135.058,59.8,21.819,,,,,,,59.8,21.819
80, 24-10-2025 16:05:10,139.125,60.9,22.472,,,,,,,60.9,22.472
80, 24-10-2025 16:05:11,142.742,61.3,20.014,,,,,,,61.3,20.014
80, 24-10-2025 16:05:12,141.597,61.6,21.061,,,,,,,61.6,21.061
80, 24-10-2025 16:05:13,138.675,61.2,23.606,,,,,,,61.2,23.606
80, 24-10-2025 16:05:14,142.929,61.4,21.531,,,,,,,61.4,21.531
80, 24-10-2025 16:05:15,142.082,61,20.327,,,,,,,61,20.327
80, 24-10-2025 16:05:16,138.136,61,17.305,,,,,,,61,17.305
80, 24-10-2025 16:05:17,141.066,60.4,19.342,,,,,,,60.4,19.342
80, 24-10-2025 16:05:18,135.335,58.7,18.24,,,,,,,58.7,18.24
80, 24-10-2025 16:05:19,138.003,57.9,18.161,,,,,,,57.9,18.161
80, 24-10-2025 16:05:20,142.117,57.1,19.217,,,,,,,57.1,19.217
80, 24-10-2025 16:05:21,141.585,54.4,20.289,,,,,,,54.4,20.289
80, 24-10-2025 16:05:22,140.558,51.3,22.107,,,,,,,51.3,22.107
80, 24-10-2025 16:05:23,139.554,51,20.251,,,,,,,51,20.251
80, 24-10-2025 16:05:24,142.453,52.1,20.164,,,,,,,52.1,20.164
80, 24-10-2025 16:05:25,141.671,52.6,19.836,,,,,,,52.6,19.836
80, 24-10-2025 16:05:26,142.046,52.9,19.857,,,,,,,52.9,19.857
80, 24-10-2025 16:05:27,139.707,52.3,20.159,,,,,,,52.3,20.159
80, 24-10-2025 16:05:28,138.902,52.2,20.196,,,,,,,52.2,20.196
80, 24-10-2025 16:05:29,138.558,51.3,20.293,,,,,,,51.3,20.293
80, 24-10-2025 16:05:30,142.234,51.5,20.09,,,,,,,51.5,20.09
80, 24-10-2025 16:05:31,139.679,51.7,20.193,,,,,,,51.7,20.193
80, 24-10-2025 16:05:32,143.457,53.4,19.947,,,,,,,53.4,19.947
80, 24-10-2025 16:05:33,143.671,53.5,19.578,,,,,,,53.5,19.578
80, 24-10-2025 16:05:34,138.515,52.7,20.066,,,,,,,52.7,20.066
80, 24-10-2025 16:05:35,139.609,52.7,20.459,,,,,,,52.7,20.459
80, 24-10-2025 16:05:36,139.152,52.8,19.898,,,,,,,52.8,19.898
80, 24-10-2025 16:05:37,141.996,53.3,19.668,,,,,,,53.3,19.668
80, 24-10-2025 16:05:38,135.933,53.3,19.72,,,,,,,53.3,19.72
80, 24-10-2025 16:05:39,144.093,53.1,19.785,,,,,,,53.1,19.785
80, 24-10-2025 16:05:40,143.55,52.2,20.627,,,,,,,52.2,20.627
80, 24-10-2025 16:05:41,140.777,49.8,20.831,,,,,,,49.8,20.831
80, 24-10-2025 16:05:42,141.347,51.5,20.559,,,,,,,51.5,20.559
80, 24-10-2025 16:05:43,143.425,52.5,19.93,,,,,,,52.5,19.93
80, 24-10-2025 16:05:44,141.058,51.2,20.41,,,,,,,51.2,20.41
80, 24-10-2025 16:05:45,142.339,50.2,20.656,,,,,,,50.2,20.656
80, 24-10-2025 16:05:46,137.539,50.5,20.778,,,,,,,50.5,20.778
80, 24-10-2025 16:05:47,141.46,50.8,21.043,,,,,,,50.8,21.043
80, 24-10-2025 16:05:48,143.25,51.1,20.955,,,,,,,51.1,20.955
80, 24-10-2025 16:05:49,141.003,51.1,20.385,,,,,,,51.1,20.385
80, 24-10-2025 16:05:50,143.648,50.9,21.15,,,,,,,50.9,21.15
80, 24-10-2025 16:05:51,139.179,50.8,20.781,,,,,,,50.8,20.781
80, 24-10-2025 16:05:52,135.082,56.3,19.849,,,,,,,56.3,19.849
80, 24-10-2025 16:05:53,135.347,61.5,17.215,,,,,,,61.5,17.215
80, 24-10-2025 16:05:54,138.906,65.3,16.209,,,,,,,65.3,16.209
80, 24-10-2025 16:05:55,140.371,60.3,19.008,,,,,,,60.3,19.008
80, 24-10-2025 16:05:56,133.136,59.9,18.334,,,,,,,59.9,18.334
80, 24-10-2025 16:05:57,142.484,60.2,29.357,,,,,,,60.2,29.357
80, 24-10-2025 16:05:58,141.804,62.4,19.749,,,,,,,62.4,19.749
80, 24-10-2025 16:05:59,141.07,60.5,18.108,,,,,,,60.5,18.108
80, 24-10-2025 16:06:00,131.144,55.8,29.223,,,,,,,55.8,29.223
80, 24-10-2025 16:06:01,128.503,54.7,30.432,,,,,,,54.7,30.432
80, 24-10-2025 16:06:02,140.644,53.6,32.122,,,,,,,53.6,32.122
80, 24-10-2025 16:06:03,144.031,54.5,36.884,,,,,,,54.5,36.884
80, 24-10-2025 16:06:04,141.937,55.6,22.074,,,,,,,55.6,22.074
80, 24-10-2025 16:06:05,143.457,55.3,19.03,,,,,,,55.3,19.03
80, 24-10-2025 16:06:06,142.402,54.8,24.72,,,,,,,54.8,24.72
80, 24-10-2025 16:06:07,138.812,53.8,20.282,,,,,,,53.8,20.282
80, 24-10-2025 16:06:08,142.226,53.2,20.683,,,,,,,53.2,20.683
80, 24-10-2025 16:06:09,138.507,55,20.937,,,,,,,55,20.937
80, 24-10-2025 16:06:10,141.558,54.7,23.781,,,,,,,54.7,23.781
80, 24-10-2025 16:06:11,142.988,55.1,23.615,,,,,,,55.1,23.615
80, 24-10-2025 16:06:12,138.917,55.3,26.475,,,,,,,55.3,26.475
80, 24-10-2025 16:06:13,134.484,56.1,30.465,,,,,,,56.1,30.465
80, 24-10-2025 16:06:14,141.769,59.1,25.996,,,,,,,59.1,25.996
80, 24-10-2025 16:06:15,140.222,59.2,23.846,,,,,,,59.2,23.846
80, 24-10-2025 16:06:16,144.339,59.4,21.668,,,,,,,59.4,21.668
80, 24-10-2025 16:06:17,140.019,57.4,28.976,,,,,,,57.4,28.976
80, 24-10-2025 16:06:18,144.308,55.9,22.197,,,,,,,55.9,22.197
80, 24-10-2025 16:06:19,134.226,55.6,23.469,,,,,,,55.6,23.469
80, 24-10-2025 16:06:20,138.625,57,19.343,,,,,,,57,19.343
80, 24-10-2025 16:06:21,139.656,55.4,19.041,,,,,,,55.4,19.041
80, 24-10-2025 16:06:22,140.343,57.1,18.792,,,,,,,57.1,18.792
80, 24-10-2025 16:06:23,141.988,55.3,19.218,,,,,,,55.3,19.218
80, 24-10-2025 16:06:24,136.691,55.4,21.088,,,,,,,55.4,21.088
80, 24-10-2025 16:06:25,142.269,59.5,18.738,,,,,,,59.5,18.738
80, 24-10-2025 16:06:26,138.183,60.5,17.798,,,,,,,60.5,17.798
80, 24-10-2025 16:06:27,140.46,60.4,18.161,,,,,,,60.4,18.161
80, 24-10-2025 16:06:28,140.261,61.4,18.471,,,,,,,61.4,18.471
80, 24-10-2025 16:06:29,135.273,55.8,28.866,,,,,,,55.8,28.866
80, 24-10-2025 16:06:30,139.773,58.9,27.889,,,,,,,58.9,27.889
80, 24-10-2025 16:06:31,143.621,58.2,19.075,,,,,,,58.2,19.075
80, 24-10-2025 16:06:32,141.785,56.2,19.87,,,,,,,56.2,19.87
80, 24-10-2025 16:06:33,139.667,56.1,19.161,,,,,,,56.1,19.161
80, 24-10-2025 16:06:34,140.574,55.6,19.616,,,,,,,55.6,19.616
80, 24-10-2025 16:06:35,143.921,54.9,31.116,,,,,,,54.9,31.116
80, 24-10-2025 16:06:36,139.667,46.7,35.511,,,,,,,46.7,35.511
80, 24-10-2025 16:06:37,142.429,55.9,22.092,,,,,,,55.9,22.092
80, 24-10-2025 16:06:38,136.82,59.8,21.259,,,,,,,59.8,21.259
80, 24-10-2025 16:06:39,139.57,61.2,18.999,,,,,,,61.2,18.999
80, 24-10-2025 16:06:40,133.73,64.5,17.144,,,,,,,64.5,17.144
80, 24-10-2025 16:06:41,141.222,59.5,22.62,,,,,,,59.5,22.62
80, 24-10-2025 16:06:42,144.804,53.9,27.547,,,,,,,53.9,27.547
80, 24-10-2025 16:06:43,142.171,57.7,24.296,,,,,,,57.7,24.296
80, 24-10-2025 16:06:44,137.625,60,20.569,,,,,,,60,20.569
80, 24-10-2025 16:06:45,143.605,58.6,18.624,,,,,,,58.6,18.624
80, 24-10-2025 16:06:46,139.875,57.2,18.986,,,,,,,57.2,18.986
80, 24-10-2025 16:06:47,137.121,55.5,24.356,,,,,,,55.5,24.356
80, 24-10-2025 16:06:48,141.562,57.7,28.139,,,,,,,57.7,28.139
80, 24-10-2025 16:06:49,142.64,60,19.84,,,,,,,60,19.84
80, 24-10-2025 16:06:50,139.32,60,18.961,,,,,,,60,18.961
80, 24-10-2025 16:06:51,140.894,58.5,19.181,,,,,,,58.5,19.181
80, 24-10-2025 16:06:52,140.179,59.5,23.339,,,,,,,59.5,23.339
80, 24-10-2025 16:06:53,140.937,60.8,29.775,,,,,,,60.8,29.775
80, 24-10-2025 16:06:54,143.425,64.2,17.107,,,,,,,64.2,17.107
80, 24-10-2025 16:06:55,141.73,62.5,17.882,,,,,,,62.5,17.882
80, 24-10-2025 16:06:56,135.925,62.3,17.56,,,,,,,62.3,17.56
80, 24-10-2025 16:06:57,137.027,60.5,29.45,,,,,,,60.5,29.45
80, 24-10-2025 16:06:58,144.453,63.1,17.3,,,,,,,63.1,17.3
80, 24-10-2025 16:06:59,141.25,63.9,17.375,,,,,,,63.9,17.375
80, 24-10-2025 16:07:00,136.777,63.8,17.867,,,,,,,63.8,17.867
80, 24-10-2025 16:07:01,145.007,63.8,18.9,,,,,,,63.8,18.9
80, 24-10-2025 16:07:02,140.32,63.5,18.429,,,,,,,63.5,18.429
80, 24-10-2025 16:07:03,140.203,63.2,17.001,,,,,,,63.2,17.001
80, 24-10-2025 16:07:04,136.488,62.2,16.978,,,,,,,62.2,16.978
80, 24-10-2025 16:07:05,139.574,62.7,16.876,,,,,,,62.7,16.876
80, 24-10-2025 16:07:06,144.445,62.4,17.72,,,,,,,62.4,17.72
80, 24-10-2025 16:07:07,137.503,61.7,17.909,,,,,,,61.7,17.909
80, 24-10-2025 16:07:08,141.035,58,26.208,,,,,,,58,26.208
80, 24-10-2025 16:07:09,140.402,58.9,18.583,,,,,,,58.9,18.583
80, 24-10-2025 16:07:10,142.109,59.6,18.195,,,,,,,59.6,18.195
80, 24-10-2025 16:07:11,140.359,55.3,28.945,,,,,,,55.3,28.945
80, 24-10-2025 16:07:12,142.292,54.4,25.569,,,,,,,54.4,25.569
80, 24-10-2025 16:07:13,142.722,56.8,18.747,,,,,,,56.8,18.747
80, 24-10-2025 16:07:14,140.574,58.7,21.265,,,,,,,58.7,21.265
80, 24-10-2025 16:07:15,140.226,59.6,17.787,,,,,,,59.6,17.787
80, 24-10-2025 16:07:16,135.039,62.1,18.259,,,,,,,62.1,18.259
80, 24-10-2025 16:07:17,138.925,60.7,17.757,,,,,,,60.7,17.757
80, 24-10-2025 16:07:18,134.058,60.2,17.734,,,,,,,60.2,17.734
80, 24-10-2025 16:07:19,122.953,45.4,50.248,,,,,,,45.4,50.248
80, 24-10-2025 16:07:20,130.679,41.7,27.6,,,,,,,41.7,27.6
80, 24-10-2025 16:07:21,124.847,41.9,28.467,,,,,,,41.9,28.467
80, 24-10-2025 16:07:22,133.105,39.9,28.029,,,,,,,39.9,28.029
80, 24-10-2025 16:07:23,129.453,40.8,27.472,,,,,,,40.8,27.472
80, 24-10-2025 16:07:24,129.789,41.6,27.478,,,,,,,41.6,27.478
80, 24-10-2025 16:07:25,131.839,43.4,27.767,,,,,,,43.4,27.767
80, 24-10-2025 16:07:26,135.816,51.5,29.854,,,,,,,51.5,29.854
80, 24-10-2025 16:07:27,136.605,55.8,24.372,,,,,,,55.8,24.372
80, 24-10-2025 16:07:28,123.488,51.8,69.913,,,,,,,51.8,69.913
80, 24-10-2025 16:07:29,139.886,52.5,58.755,,,,,,,52.5,58.755
80, 24-10-2025 16:07:30,136.722,54.8,23.549,,,,,,,54.8,23.549
80, 24-10-2025 16:07:31,143.437,49.7,56.49,,,,,,,49.7,56.49
80, 24-10-2025 16:07:32,137.417,50.9,21.642,,,,,,,50.9,21.642
80, 24-10-2025 16:07:33,143.382,51,21.418,,,,,,,51,21.418
80, 24-10-2025 16:07:34,139.914,51,21.849,,,,,,,51,21.849
80, 24-10-2025 16:07:35,140.363,50.6,21.466,,,,,,,50.6,21.466
80, 24-10-2025 16:07:36,142.835,51.3,20.762,,,,,,,51.3,20.762
80, 24-10-2025 16:07:37,141.582,51.3,20.93,,,,,,,51.3,20.93
80, 24-10-2025 16:07:38,139.855,51.6,20.462,,,,,,,51.6,20.462
80, 24-10-2025 16:07:39,136.347,51.7,20.918,,,,,,,51.7,20.918
80, 24-10-2025 16:07:40,140.648,51.5,20.399,,,,,,,51.5,20.399
80, 24-10-2025 16:07:41,134.585,50.5,20.909,,,,,,,50.5,20.909
80, 24-10-2025 16:07:42,142.128,49.1,21.818,,,,,,,49.1,21.818
80, 24-10-2025 16:07:43,141.058,57.6,19.842,,,,,,,57.6,19.842
80, 24-10-2025 16:07:44,140.578,60.7,33.45,,,,,,,60.7,33.45
80, 24-10-2025 16:07:45,142.64,58.8,72.029,,,,,,,58.8,72.029
80, 24-10-2025 16:07:46,138.304,69.4,19.773,,,,,,,69.4,19.773
80, 24-10-2025 16:07:47,142.093,71.1,15.514,,,,,,,71.1,15.514
80, 24-10-2025 16:07:48,141.808,68.2,16.198,,,,,,,68.2,16.198
80, 24-10-2025 16:07:49,140.582,67.6,20.803,,,,,,,67.6,20.803
80, 24-10-2025 16:07:50,141.816,66.6,20.546,,,,,,,66.6,20.546
80, 24-10-2025 16:07:51,143.957,61.2,21.364,,,,,,,61.2,21.364
80, 24-10-2025 16:07:52,138.375,61.4,20.292,,,,,,,61.4,20.292
80, 24-10-2025 16:07:53,144.339,58.8,22.518,,,,,,,58.8,22.518
80, 24-10-2025 16:07:54,143.011,60.9,23.989,,,,,,,60.9,23.989
80, 24-10-2025 16:07:55,140.585,68.6,16.082,,,,,,,68.6,16.082
80, 24-10-2025 16:07:56,134.75,72.3,15.402,,,,,,,72.3,15.402
80, 24-10-2025 16:07:57,141.558,68.1,29.181,,,,,,,68.1,29.181
80, 24-10-2025 16:07:58,134.652,63.3,17.399,,,,,,,63.3,17.399
80, 24-10-2025 16:07:59,140.851,61.8,18.004,,,,,,,61.8,18.004
80, 24-10-2025 16:08:00,142.468,60.4,18.276,,,,,,,60.4,18.276
80, 24-10-2025 16:08:01,143.199,63.1,17.14,,,,,,,63.1,17.14
80, 24-10-2025 16:08:02,141.402,63.8,19.933,,,,,,,63.8,19.933
80, 24-10-2025 16:08:03,141.667,65.1,16.2,,,,,,,65.1,16.2
80, 24-10-2025 16:08:04,139.664,62,24.558,,,,,,,62,24.558
80, 24-10-2025 16:08:05,139.488,60.2,18.563,,,,,,,60.2,18.563
80, 24-10-2025 16:08:06,138.683,56.8,27.239,,,,,,,56.8,27.239
80, 24-10-2025 16:08:07,138.359,57.8,21.901,,,,,,,57.8,21.901
80, 24-10-2025 16:08:08,140.07,57.8,35.376,,,,,,,57.8,35.376
80, 24-10-2025 16:08:09,143.277,61.8,17.551,,,,,,,61.8,17.551
80, 24-10-2025 16:08:10,142.906,59.6,32.057,,,,,,,59.6,32.057
80, 24-10-2025 16:08:11,135.96,59.1,20.177,,,,,,,59.1,20.177
80, 24-10-2025 16:08:12,139.152,58.5,20.957,,,,,,,58.5,20.957
80, 24-10-2025 16:08:13,140.652,59.2,20.179,,,,,,,59.2,20.179
80, 24-10-2025 16:08:14,135.589,57.9,28.331,,,,,,,57.9,28.331
80, 24-10-2025 16:08:15,142.839,60.4,29.738,,,,,,,60.4,29.738
80, 24-10-2025 16:08:16,140.714,60.8,18.408,,,,,,,60.8,18.408
80, 24-10-2025 16:08:17,139.878,61.4,17.5,,,,,,,61.4,17.5
80, 24-10-2025 16:08:18,144.398,61.3,17.258,,,,,,,61.3,17.258
80, 24-10-2025 16:08:19,135.246,61.4,17.506,,,,,,,61.4,17.506
80, 24-10-2025 16:08:20,136.394,60.7,18.416,,,,,,,60.7,18.416
80, 24-10-2025 16:08:21,136.941,62.5,17.87,,,,,,,62.5,17.87
80, 24-10-2025 16:08:22,139.984,64.2,19.481,,,,,,,64.2,19.481
80, 24-10-2025 16:08:23,138.48,65.8,16.394,,,,,,,65.8,16.394
80, 24-10-2025 16:08:24,140.777,64.2,19.877,,,,,,,64.2,19.877
80, 24-10-2025 16:08:25,136.777,65,16.646,,,,,,,65,16.646
80, 24-10-2025 16:08:26,135.027,67.9,17.344,,,,,,,67.9,17.344
80, 24-10-2025 16:08:27,139.152,67.1,17.647,,,,,,,67.1,17.647
80, 24-10-2025 16:08:28,144.039,68.6,15.627,,,,,,,68.6,15.627
80, 24-10-2025 16:08:29,141.175,62.8,18.292,,,,,,,62.8,18.292
80, 24-10-2025 16:08:30,137.355,63.3,17.004,,,,,,,63.3,17.004
80, 24-10-2025 16:08:31,141.257,64.8,16.723,,,,,,,64.8,16.723
80, 24-10-2025 16:08:32,142.203,62.1,19.575,,,,,,,62.1,19.575
80, 24-10-2025 16:08:33,139.992,60,19.185,,,,,,,60,19.185
80, 24-10-2025 16:08:34,143.984,61.2,17.573,,,,,,,61.2,17.573
80, 24-10-2025 16:08:35,143.003,60.9,18.026,,,,,,,60.9,18.026
80, 24-10-2025 16:08:36,140.46,63.2,17.04,,,,,,,63.2,17.04
80, 24-10-2025 16:08:37,135.265,64.2,17.656,,,,,,,64.2,17.656
80, 24-10-2025 16:08:38,134.289,59.5,18.513,,,,,,,59.5,18.513
80, 24-10-2025 16:08:39,141.304,59.1,18.082,,,,,,,59.1,18.082
80, 24-10-2025 16:08:40,138.972,62.7,17.876,,,,,,,62.7,17.876
80, 24-10-2025 16:08:41,137.292,62.4,17.544,,,,,,,62.4,17.544
80, 24-10-2025 16:08:42,137.074,62.7,16.925,,,,,,,62.7,16.925
80, 24-10-2025 16:08:43,140.218,67.7,16.23,,,,,,,67.7,16.23
80, 24-10-2025 16:08:44,142.324,65.1,17.261,,,,,,,65.1,17.261
80, 24-10-2025 16:08:45,142.785,62.5,17.446,,,,,,,62.5,17.446
80, 24-10-2025 16:08:46,144.175,63.6,17.107,,,,,,,63.6,17.107
80, 24-10-2025 16:08:47,143.753,63.5,16.857,,,,,,,63.5,16.857
80, 24-10-2025 16:08:48,139.964,63,16.938,,,,,,,63,16.938
80, 24-10-2025 16:08:49,138.484,63.1,17.407,,,,,,,63.1,17.407
80, 24-10-2025 16:08:50,137.058,62.9,17.427,,,,,,,62.9,17.427
80, 24-10-2025 16:08:51,138.515,62.7,16.982,,,,,,,62.7,16.982
80, 24-10-2025 16:08:52,141.371,62.5,16.991,,,,,,,62.5,16.991
80, 24-10-2025 16:08:53,140,63.2,16.978,,,,,,,63.2,16.978
80, 24-10-2025 16:08:54,139.195,63.9,16.581,,,,,,,63.9,16.581
80, 24-10-2025 16:08:55,140.562,63.9,16.936,,,,,,,63.9,16.936
80, 24-10-2025 16:08:56,140.32,63.4,18.271,,,,,,,63.4,18.271
80, 24-10-2025 16:08:57,133.511,61.9,26.844,,,,,,,61.9,26.844
80, 24-10-2025 16:08:58,141.226,64,22.517,,,,,,,64,22.517
80, 24-10-2025 16:08:59,144.183,59.9,18.143,,,,,,,59.9,18.143
80, 24-10-2025 16:09:00,141.347,59.6,17.652,,,,,,,59.6,17.652
80, 24-10-2025 16:09:01,143.578,49.9,62.371,,,,,,,49.9,62.371
80, 24-10-2025 16:09:02,143.691,54.2,40.259,,,,,,,54.2,40.259
80, 24-10-2025 16:09:03,139.25,53.4,36.594,,,,,,,53.4,36.594
80, 24-10-2025 16:09:04,142.828,55.6,32.214,,,,,,,55.6,32.214
80, 24-10-2025 16:09:05,140.25,58.8,19.44,,,,,,,58.8,19.44
80, 24-10-2025 16:09:06,142.937,63.6,17.313,,,,,,,63.6,17.313
80, 24-10-2025 16:09:07,141.652,64.9,20.076,,,,,,,64.9,20.076
80, 24-10-2025 16:09:08,144.414,62.9,30.055,,,,,,,62.9,30.055
80, 24-10-2025 16:09:09,136.906,62.7,17.181,,,,,,,62.7,17.181
80, 24-10-2025 16:09:10,140.332,61.8,17.868,,,,,,,61.8,17.868
80, 24-10-2025 16:09:11,139.843,62.8,17.22,,,,,,,62.8,17.22
80, 24-10-2025 16:09:12,138.117,63.3,17.246,,,,,,,63.3,17.246
80, 24-10-2025 16:09:13,140.519,62.6,17.49,,,,,,,62.6,17.49
80, 24-10-2025 16:09:14,138.316,61.9,18.359,,,,,,,61.9,18.359
80, 24-10-2025 16:09:15,139.265,61.7,19.684,,,,,,,61.7,19.684
80, 24-10-2025 16:09:16,142.199,59.8,20.155,,,,,,,59.8,20.155
80, 24-10-2025 16:09:17,141.203,55.3,18.987,,,,,,,55.3,18.987
80, 24-10-2025 16:09:18,142.503,90.3,19.726,,,,,,,90.3,19.726
80, 24-10-2025 16:09:19,143.617,112.4,9.788,,,,,,,112.4,9.788
80, 24-10-2025 16:09:20,143.437,111.5,10.821,,,,,,,111.5,10.821
80, 24-10-2025 16:09:21,44.042,76.6,47.318,,,,,,,76.6,47.318
80, 24-10-2025 16:09:22,46.402,82.2,119.257,,,,,,,82.2,119.257
80, 24-10-2025 16:09:23,109.445,50.2,167.589,,,,,,,50.2,167.589
80, 24-10-2025 16:09:24,142.085,57.6,19.006,,,,,,,57.6,19.006
80, 24-10-2025 16:09:25,140.453,58,19.486,,,,,,,58,19.486
80, 24-10-2025 16:09:26,143.046,55.9,22.174,,,,,,,55.9,22.174
80, 24-10-2025 16:09:27,141.683,54.7,19.57,,,,,,,54.7,19.57
80, 24-10-2025 16:09:28,139.66,54.3,20.076,,,,,,,54.3,20.076
80, 24-10-2025 16:09:29,10.359,N/A                 ,N/A                 ,,,,,,,N/A                 ,N/A                 
80, 24-10-2025 16:09:30,6.792,N/A                 ,N/A                 ,,,,,,,N/A                 ,N/A                 
80, 24-10-2025 16:09:31,6.617,N/A                 ,N/A                 ,,,,,,,N/A                 ,N/A                 
80, 24-10-2025 16:09:32,6.648,N/A                 ,N/A                 ,,,,,,,N/A                 ,N/A                 
