0, 24-10-2025 16:56:05, Hardware monitoring log v1.6 ,,,,,,,,,,
1, 24-10-2025 16:56:05, Radeon RX 580 Series,,,,,,,,,,
2, 24-10-2025 16:56:05, Power               ,Framerate           ,Frametime           ,,,,,,,Framerate           ,Frametime           
3, 24-10-2025 16:56:05,0,,,300,10,                    ,                    ,%.1f                ,,,
3, 24-10-2025 16:56:05,1,,,200,10,                    ,                    ,,,,
3, 24-10-2025 16:56:05,2,,,50,10,                    ,                    ,%.1f                ,,,
80, 24-10-2025 16:56:05,142.515,119.4,8.854,,,,,,,119.4,8.854
80, 24-10-2025 16:56:06,143.281,118.4,9.571,,,,,,,118.4,9.571
80, 24-10-2025 16:56:07,144.187,121.8,12.258,,,,,,,121.8,12.258
80, 24-10-2025 16:56:08,143.984,123.6,16.167,,,,,,,123.6,16.167
80, 24-10-2025 16:56:09,144.722,135.8,9.224,,,,,,,135.8,9.224
80, 24-10-2025 16:56:10,141.476,119.1,16.943,,,,,,,119.1,16.943
80, 24-10-2025 16:56:11,142.71,116.9,9.582,,,,,,,116.9,9.582
80, 24-10-2025 16:56:12,142.562,120.6,9.874,,,,,,,120.6,9.874
80, 24-10-2025 16:56:13,144.894,116.8,35.864,,,,,,,116.8,35.864
80, 24-10-2025 16:56:14,143.667,123.1,8.766,,,,,,,123.1,8.766
80, 24-10-2025 16:56:15,143.613,123.2,8.928,,,,,,,123.2,8.928
80, 24-10-2025 16:56:16,144.519,123,15.799,,,,,,,123,15.799
80, 24-10-2025 16:56:17,144.871,123.6,9.558,,,,,,,123.6,9.558
80, 24-10-2025 16:56:18,143.769,102.5,17.614,,,,,,,102.5,17.614
80, 24-10-2025 16:56:19,144.175,102.8,11.092,,,,,,,102.8,11.092
80, 24-10-2025 16:56:20,141.316,105.3,17.188,,,,,,,105.3,17.188
80, 24-10-2025 16:56:21,143.343,105.4,10.211,,,,,,,105.4,10.211
80, 24-10-2025 16:56:22,143.554,104.9,17.567,,,,,,,104.9,17.567
80, 24-10-2025 16:56:23,144.281,105.3,10.107,,,,,,,105.3,10.107
80, 24-10-2025 16:56:24,143.164,104.8,10.395,,,,,,,104.8,10.395
80, 24-10-2025 16:56:25,143.933,106.5,16.41,,,,,,,106.5,16.41
80, 24-10-2025 16:56:26,142.921,109.5,12.829,,,,,,,109.5,12.829
80, 24-10-2025 16:56:27,143.308,111.1,12.11,,,,,,,111.1,12.11
80, 24-10-2025 16:56:28,143.929,110.9,9.799,,,,,,,110.9,9.799
80, 24-10-2025 16:56:29,139.621,109.9,16.784,,,,,,,109.9,16.784
80, 24-10-2025 16:56:30,144.457,121.2,46.198,,,,,,,121.2,46.198
80, 24-10-2025 16:56:31,143.812,131.2,15.995,,,,,,,131.2,15.995
80, 24-10-2025 16:56:32,143.457,128.1,10.971,,,,,,,128.1,10.971
80, 24-10-2025 16:56:33,144.609,128.6,16.765,,,,,,,128.6,16.765
80, 24-10-2025 16:56:34,142.085,133,16.123,,,,,,,133,16.123
80, 24-10-2025 16:56:35,144.953,133.5,16.226,,,,,,,133.5,16.226
80, 24-10-2025 16:56:36,134.921,128.4,8.523,,,,,,,128.4,8.523
80, 24-10-2025 16:56:37,143.707,128.3,11.963,,,,,,,128.3,11.963
80, 24-10-2025 16:56:38,141.832,129.3,8.393,,,,,,,129.3,8.393
80, 24-10-2025 16:56:39,142.292,130.4,14.786,,,,,,,130.4,14.786
80, 24-10-2025 16:56:40,143.324,133.2,14.535,,,,,,,133.2,14.535
80, 24-10-2025 16:56:41,143.964,140.1,13.949,,,,,,,140.1,13.949
80, 24-10-2025 16:56:42,142.316,145.7,10.161,,,,,,,145.7,10.161
80, 24-10-2025 16:56:43,142.23,150.4,7.925,,,,,,,150.4,7.925
80, 24-10-2025 16:56:44,144.214,136.8,13.478,,,,,,,136.8,13.478
80, 24-10-2025 16:56:45,142.39,118.9,15.073,,,,,,,118.9,15.073
80, 24-10-2025 16:56:46,142.714,117.2,11.04,,,,,,,117.2,11.04
80, 24-10-2025 16:56:47,138.625,121,14.197,,,,,,,121,14.197
80, 24-10-2025 16:56:48,142.765,124.2,14.178,,,,,,,124.2,14.178
80, 24-10-2025 16:56:49,143.093,125.1,8.522,,,,,,,125.1,8.522
80, 24-10-2025 16:56:50,140.98,121.2,11.981,,,,,,,121.2,11.981
80, 24-10-2025 16:56:51,143.863,117.7,10.117,,,,,,,117.7,10.117
80, 24-10-2025 16:56:52,144.671,126.4,12.108,,,,,,,126.4,12.108
80, 24-10-2025 16:56:53,144.015,128.9,21.402,,,,,,,128.9,21.402
80, 24-10-2025 16:56:54,143.527,131.2,8.06,,,,,,,131.2,8.06
80, 24-10-2025 16:56:55,132.246,125.6,9.226,,,,,,,125.6,9.226
80, 24-10-2025 16:56:56,140.355,96.1,31.29,,,,,,,96.1,31.29
80, 24-10-2025 16:56:57,143.609,100.3,14.108,,,,,,,100.3,14.108
80, 24-10-2025 16:56:58,143.609,103.6,10.468,,,,,,,103.6,10.468
80, 24-10-2025 16:56:59,142.535,105.2,12.372,,,,,,,105.2,12.372
80, 24-10-2025 16:57:00,144.289,109.1,18.091,,,,,,,109.1,18.091
80, 24-10-2025 16:57:01,144.152,112.1,21.747,,,,,,,112.1,21.747
80, 24-10-2025 16:57:02,139.691,87.9,39.054,,,,,,,87.9,39.054
80, 24-10-2025 16:57:03,143.886,98.8,18.607,,,,,,,98.8,18.607
80, 24-10-2025 16:57:04,144.144,117.1,12.966,,,,,,,117.1,12.966
80, 24-10-2025 16:57:05,142.921,119.1,16.264,,,,,,,119.1,16.264
80, 24-10-2025 16:57:06,144.167,124.8,9.207,,,,,,,124.8,9.207
80, 24-10-2025 16:57:07,141.73,118.4,11.915,,,,,,,118.4,11.915
80, 24-10-2025 16:57:08,138.503,123.4,11.252,,,,,,,123.4,11.252
80, 24-10-2025 16:57:09,142.539,123,16.393,,,,,,,123,16.393
80, 24-10-2025 16:57:10,141.632,125.7,8.796,,,,,,,125.7,8.796
80, 24-10-2025 16:57:11,142.531,118.2,9.649,,,,,,,118.2,9.649
80, 24-10-2025 16:57:12,142.523,114.2,12.402,,,,,,,114.2,12.402
80, 24-10-2025 16:57:13,143.281,114.1,9.661,,,,,,,114.1,9.661
80, 24-10-2025 16:57:14,144.058,115.3,9.354,,,,,,,115.3,9.354
80, 24-10-2025 16:57:15,142.058,118.7,9.695,,,,,,,118.7,9.695
80, 24-10-2025 16:57:16,142.304,116.4,12.343,,,,,,,116.4,12.343
80, 24-10-2025 16:57:17,144.097,118.1,11.823,,,,,,,118.1,11.823
80, 24-10-2025 16:57:18,141.894,73.7,355.811,,,,,,,73.7,355.811
80, 24-10-2025 16:57:19,144.937,126.8,15.065,,,,,,,126.8,15.065
80, 24-10-2025 16:57:20,144.05,130.1,9.513,,,,,,,130.1,9.513
80, 24-10-2025 16:57:21,145.496,129.7,8.517,,,,,,,129.7,8.517
80, 24-10-2025 16:57:22,144.55,128.3,11.457,,,,,,,128.3,11.457
80, 24-10-2025 16:57:23,138.863,117.4,9.729,,,,,,,117.4,9.729
80, 24-10-2025 16:57:24,143.847,100.4,16.157,,,,,,,100.4,16.157
80, 24-10-2025 16:57:25,144.859,91.1,18.061,,,,,,,91.1,18.061
80, 24-10-2025 16:57:26,144.066,88.3,19.482,,,,,,,88.3,19.482
80, 24-10-2025 16:57:27,140.746,95.3,14.899,,,,,,,95.3,14.899
80, 24-10-2025 16:57:28,142.679,99.7,17.929,,,,,,,99.7,17.929
80, 24-10-2025 16:57:29,143.324,109.9,12.814,,,,,,,109.9,12.814
80, 24-10-2025 16:57:30,141.871,121.4,9.885,,,,,,,121.4,9.885
80, 24-10-2025 16:57:31,140.816,122.2,14.488,,,,,,,122.2,14.488
80, 24-10-2025 16:57:32,143.273,111.2,12.374,,,,,,,111.2,12.374
80, 24-10-2025 16:57:33,140.964,109.6,12.127,,,,,,,109.6,12.127
80, 24-10-2025 16:57:34,145.187,118.6,11.784,,,,,,,118.6,11.784
80, 24-10-2025 16:57:35,126.562,98.5,100.28,,,,,,,98.5,100.28
80, 24-10-2025 16:57:36,143.558,127,8.727,,,,,,,127,8.727
80, 24-10-2025 16:57:37,144.14,125.8,18.177,,,,,,,125.8,18.177
80, 24-10-2025 16:57:38,144.07,125,10.085,,,,,,,125,10.085
80, 24-10-2025 16:57:39,100.648,119.5,66.732,,,,,,,119.5,66.732
80, 24-10-2025 16:57:40,141.328,131.4,9.556,,,,,,,131.4,9.556
80, 24-10-2025 16:57:41,143.421,127.7,10.467,,,,,,,127.7,10.467
80, 24-10-2025 16:57:42,143.175,84.7,211.861,,,,,,,84.7,211.861
80, 24-10-2025 16:57:43,102.886,76.3,282.614,,,,,,,76.3,282.614
80, 24-10-2025 16:57:44,143.656,102.9,16.109,,,,,,,102.9,16.109
80, 24-10-2025 16:57:45,143.648,102.1,14.002,,,,,,,102.1,14.002
80, 24-10-2025 16:57:46,143.265,110.9,11.076,,,,,,,110.9,11.076
80, 24-10-2025 16:57:47,144.828,114.7,16.993,,,,,,,114.7,16.993
80, 24-10-2025 16:57:48,141.753,120.3,18.143,,,,,,,120.3,18.143
80, 24-10-2025 16:57:49,139.414,128,8.583,,,,,,,128,8.583
80, 24-10-2025 16:57:50,140.933,129.9,8.591,,,,,,,129.9,8.591
80, 24-10-2025 16:57:51,143.566,118.8,12.213,,,,,,,118.8,12.213
80, 24-10-2025 16:57:52,145.019,111.7,19.342,,,,,,,111.7,19.342
80, 24-10-2025 16:57:53,142.332,104.8,10.69,,,,,,,104.8,10.69
80, 24-10-2025 16:57:54,141.289,91.2,12.335,,,,,,,91.2,12.335
80, 24-10-2025 16:57:55,134.093,82.5,90.64,,,,,,,82.5,90.64
80, 24-10-2025 16:57:56,144.718,101.3,10.72,,,,,,,101.3,10.72
80, 24-10-2025 16:57:57,143.679,105.3,12.863,,,,,,,105.3,12.863
80, 24-10-2025 16:57:58,113.57,120.1,9.76,,,,,,,120.1,9.76
80, 24-10-2025 16:57:59,144.734,105.3,108.985,,,,,,,105.3,108.985
80, 24-10-2025 16:58:00,144.425,121.5,13.585,,,,,,,121.5,13.585
80, 24-10-2025 16:58:01,144.257,115.4,17.939,,,,,,,115.4,17.939
80, 24-10-2025 16:58:02,143.542,119.4,12.584,,,,,,,119.4,12.584
80, 24-10-2025 16:58:03,142.921,119.6,11.328,,,,,,,119.6,11.328
80, 24-10-2025 16:58:04,141.351,112.4,10.665,,,,,,,112.4,10.665
80, 24-10-2025 16:58:05,143.191,115.9,18.162,,,,,,,115.9,18.162
80, 24-10-2025 16:58:06,143.117,120.1,11.343,,,,,,,120.1,11.343
80, 24-10-2025 16:58:07,107.148,115.6,41.288,,,,,,,115.6,41.288
80, 24-10-2025 16:58:08,144.265,112.4,49.294,,,,,,,112.4,49.294
80, 24-10-2025 16:58:09,137.371,109.8,10.22,,,,,,,109.8,10.22
80, 24-10-2025 16:58:10,142.316,111.4,12.013,,,,,,,111.4,12.013
80, 24-10-2025 16:58:11,140.464,114.3,17.356,,,,,,,114.3,17.356
80, 24-10-2025 16:58:12,133.339,112.8,13.034,,,,,,,112.8,13.034
80, 24-10-2025 16:58:13,38.89,35.8,682.807,,,,,,,35.8,682.807
80, 24-10-2025 16:58:14,144.605,69,565.632,,,,,,,69,565.632
80, 24-10-2025 16:58:15,143.921,141.4,19.269,,,,,,,141.4,19.269
80, 24-10-2025 16:58:16,144.265,131.9,18.571,,,,,,,131.9,18.571
80, 24-10-2025 16:58:17,144.156,124.2,14.755,,,,,,,124.2,14.755
80, 24-10-2025 16:58:18,144.98,124.3,17.9,,,,,,,124.3,17.9
80, 24-10-2025 16:58:19,144.882,129.1,9.124,,,,,,,129.1,9.124
80, 24-10-2025 16:58:20,140.847,127.2,15.322,,,,,,,127.2,15.322
80, 24-10-2025 16:58:21,144.691,130.4,8.867,,,,,,,130.4,8.867
80, 24-10-2025 16:58:22,143.351,129.8,10.492,,,,,,,129.8,10.492
80, 24-10-2025 16:58:23,137.207,127.7,15.882,,,,,,,127.7,15.882
80, 24-10-2025 16:58:24,38.621,50.9,471.726,,,,,,,50.9,471.726
80, 24-10-2025 16:58:25,141.074,94.3,23.986,,,,,,,94.3,23.986
80, 24-10-2025 16:58:26,142.8,90.2,19.893,,,,,,,90.2,19.893
80, 24-10-2025 16:58:27,142.699,85.6,15.817,,,,,,,85.6,15.817
80, 24-10-2025 16:58:28,144.242,85.6,17.638,,,,,,,85.6,17.638
80, 24-10-2025 16:58:29,139.976,84.7,19.208,,,,,,,84.7,19.208
80, 24-10-2025 16:58:30,141.718,83,18.931,,,,,,,83,18.931
80, 24-10-2025 16:58:31,141.882,86.8,17.768,,,,,,,86.8,17.768
80, 24-10-2025 16:58:32,135.55,90,15.916,,,,,,,90,15.916
80, 24-10-2025 16:58:33,138.031,93.5,81.575,,,,,,,93.5,81.575
80, 24-10-2025 16:58:34,143.273,121.9,8.708,,,,,,,121.9,8.708
80, 24-10-2025 16:58:35,143.828,105.5,16.599,,,,,,,105.5,16.599
80, 24-10-2025 16:58:36,141.558,95.3,12.846,,,,,,,95.3,12.846
80, 24-10-2025 16:58:37,144.042,99.5,13.201,,,,,,,99.5,13.201
80, 24-10-2025 16:58:38,142.519,115.3,10.181,,,,,,,115.3,10.181
80, 24-10-2025 16:58:39,136.968,114.1,17.174,,,,,,,114.1,17.174
80, 24-10-2025 16:58:40,143.414,106.7,10.898,,,,,,,106.7,10.898
80, 24-10-2025 16:58:41,141.167,101.4,18.65,,,,,,,101.4,18.65
80, 24-10-2025 16:58:42,141.261,110.4,13.066,,,,,,,110.4,13.066
80, 24-10-2025 16:58:43,142.101,117.5,9.39,,,,,,,117.5,9.39
80, 24-10-2025 16:58:44,139.71,116.9,14.63,,,,,,,116.9,14.63
80, 24-10-2025 16:58:45,141.105,99.3,112.045,,,,,,,99.3,112.045
80, 24-10-2025 16:58:46,144.074,88.6,90.74,,,,,,,88.6,90.74
80, 24-10-2025 16:58:47,142.605,94.1,16.55,,,,,,,94.1,16.55
80, 24-10-2025 16:58:48,140.734,101.6,10.923,,,,,,,101.6,10.923
80, 24-10-2025 16:58:49,137.203,107.4,11.128,,,,,,,107.4,11.128
80, 24-10-2025 16:58:50,142.734,109.7,17.96,,,,,,,109.7,17.96
80, 24-10-2025 16:58:51,136.945,111.9,14.013,,,,,,,111.9,14.013
80, 24-10-2025 16:58:52,144.058,124.4,11.135,,,,,,,124.4,11.135
80, 24-10-2025 16:58:53,140.113,125.4,15.897,,,,,,,125.4,15.897
80, 24-10-2025 16:58:54,141.238,121,9.128,,,,,,,121,9.128
80, 24-10-2025 16:58:55,143.625,115.2,9.885,,,,,,,115.2,9.885
80, 24-10-2025 16:58:56,144.875,111.6,17.379,,,,,,,111.6,17.379
80, 24-10-2025 16:58:57,142.507,108.5,13.026,,,,,,,108.5,13.026
80, 24-10-2025 16:58:58,144.519,108.6,9.866,,,,,,,108.6,9.866
80, 24-10-2025 16:58:59,144.433,108.1,10.317,,,,,,,108.1,10.317
80, 24-10-2025 16:59:00,143.703,102.4,15.452,,,,,,,102.4,15.452
80, 24-10-2025 16:59:01,68.281,70.4,285.312,,,,,,,70.4,285.312
80, 24-10-2025 16:59:02,143.875,101.9,13.395,,,,,,,101.9,13.395
80, 24-10-2025 16:59:03,144.292,102.1,12.114,,,,,,,102.1,12.114
80, 24-10-2025 16:59:04,142.148,100.2,10.668,,,,,,,100.2,10.668
80, 24-10-2025 16:59:05,140.847,100.4,10.532,,,,,,,100.4,10.532
80, 24-10-2025 16:59:06,142.824,100.9,10.835,,,,,,,100.9,10.835
80, 24-10-2025 16:59:07,142.824,101.4,13.815,,,,,,,101.4,13.815
80, 24-10-2025 16:59:08,142.347,95,13.36,,,,,,,95,13.36
80, 24-10-2025 16:59:09,142.722,84.8,12.76,,,,,,,84.8,12.76
80, 24-10-2025 16:59:10,138.035,100.1,12.84,,,,,,,100.1,12.84
80, 24-10-2025 16:59:11,141.191,96.1,13.499,,,,,,,96.1,13.499
80, 24-10-2025 16:59:12,32.644,95.4,14.213,,,,,,,95.4,14.213
80, 24-10-2025 16:59:13,143.726,47.5,521.156,,,,,,,47.5,521.156
80, 24-10-2025 16:59:14,144.617,95.9,11.112,,,,,,,95.9,11.112
80, 24-10-2025 16:59:15,143.921,94.5,13.884,,,,,,,94.5,13.884
80, 24-10-2025 16:59:16,143.886,95.8,12.739,,,,,,,95.8,12.739
80, 24-10-2025 16:59:17,141.382,102.2,12.87,,,,,,,102.2,12.87
80, 24-10-2025 16:59:18,142.328,102.8,10.511,,,,,,,102.8,10.511
80, 24-10-2025 16:59:19,143.046,104.8,11.324,,,,,,,104.8,11.324
80, 24-10-2025 16:59:20,143.75,96.7,78.416,,,,,,,96.7,78.416
80, 24-10-2025 16:59:21,144.148,100.2,19.088,,,,,,,100.2,19.088
80, 24-10-2025 16:59:22,141.769,100.9,12.627,,,,,,,100.9,12.627
80, 24-10-2025 16:59:23,143.593,103.5,10.414,,,,,,,103.5,10.414
80, 24-10-2025 16:59:24,144.222,106.1,13.329,,,,,,,106.1,13.329
80, 24-10-2025 16:59:25,139.136,108.4,13.591,,,,,,,108.4,13.591
80, 24-10-2025 16:59:26,142.066,105.8,12.404,,,,,,,105.8,12.404
80, 24-10-2025 16:59:27,143.648,104.4,13.51,,,,,,,104.4,13.51
80, 24-10-2025 16:59:28,142.847,92.6,89.058,,,,,,,92.6,89.058
80, 24-10-2025 16:59:29,143.039,92.2,13.915,,,,,,,92.2,13.915
80, 24-10-2025 16:59:30,142.578,87.4,12.509,,,,,,,87.4,12.509
80, 24-10-2025 16:59:31,143.699,85.2,12.949,,,,,,,85.2,12.949
80, 24-10-2025 16:59:32,143.062,82.4,30.718,,,,,,,82.4,30.718
80, 24-10-2025 16:59:33,139.796,85,13.555,,,,,,,85,13.555
80, 24-10-2025 16:59:34,141.39,84,14.24,,,,,,,84,14.24
80, 24-10-2025 16:59:35,140.167,96.7,14.595,,,,,,,96.7,14.595
80, 24-10-2025 16:59:36,144.222,97.8,14.497,,,,,,,97.8,14.497
80, 24-10-2025 16:59:37,145.015,88.9,17.391,,,,,,,88.9,17.391
80, 24-10-2025 16:59:38,144.074,90.5,13.444,,,,,,,90.5,13.444
80, 24-10-2025 16:59:39,142.394,88.9,12.435,,,,,,,88.9,12.435
80, 24-10-2025 16:59:40,137.292,89.9,13.828,,,,,,,89.9,13.828
80, 24-10-2025 16:59:41,143.589,96.1,12.968,,,,,,,96.1,12.968
80, 24-10-2025 16:59:42,134.503,106.1,13.055,,,,,,,106.1,13.055
80, 24-10-2025 16:59:43,143.113,107.7,12.698,,,,,,,107.7,12.698
80, 24-10-2025 16:59:44,144.085,99.7,13.389,,,,,,,99.7,13.389
80, 24-10-2025 16:59:46,131.933,108.5,20.403,,,,,,,108.5,20.403
80, 24-10-2025 16:59:46,138.679,104.3,33.915,,,,,,,104.3,33.915
80, 24-10-2025 16:59:47,142.347,110.6,13.447,,,,,,,110.6,13.447
80, 24-10-2025 16:59:48,136.695,109.3,9.893,,,,,,,109.3,9.893
80, 24-10-2025 16:59:49,140.871,105.8,12.314,,,,,,,105.8,12.314
80, 24-10-2025 16:59:50,143.355,103.1,13.161,,,,,,,103.1,13.161
80, 24-10-2025 16:59:51,144.949,111.8,11.386,,,,,,,111.8,11.386
80, 24-10-2025 16:59:52,142.011,102.9,12.828,,,,,,,102.9,12.828
80, 24-10-2025 16:59:53,142.984,97.6,11.497,,,,,,,97.6,11.497
80, 24-10-2025 16:59:54,142.765,91.5,37.956,,,,,,,91.5,37.956
80, 24-10-2025 16:59:55,141.886,103.9,18.015,,,,,,,103.9,18.015
80, 24-10-2025 16:59:56,141.761,112.1,11.875,,,,,,,112.1,11.875
80, 24-10-2025 16:59:57,140.73,111.1,16.776,,,,,,,111.1,16.776
80, 24-10-2025 16:59:58,139.718,108.5,11.279,,,,,,,108.5,11.279
80, 24-10-2025 16:59:59,142.507,101.8,16.622,,,,,,,101.8,16.622
80, 24-10-2025 17:00:00,140.902,95.6,13.681,,,,,,,95.6,13.681
80, 24-10-2025 17:00:01,141.871,116,9.966,,,,,,,116,9.966
80, 24-10-2025 17:00:02,138.675,118.4,12.303,,,,,,,118.4,12.303
80, 24-10-2025 17:00:03,140.906,115.7,10.302,,,,,,,115.7,10.302
80, 24-10-2025 17:00:04,142.625,129.2,8.919,,,,,,,129.2,8.919
80, 24-10-2025 17:00:05,142.234,138.2,10.47,,,,,,,138.2,10.47
80, 24-10-2025 17:00:06,138.628,130.3,13.842,,,,,,,130.3,13.842
80, 24-10-2025 17:00:07,144.531,118.9,12.606,,,,,,,118.9,12.606
80, 24-10-2025 17:00:08,91.191,101.3,78.626,,,,,,,101.3,78.626
80, 24-10-2025 17:00:09,143.039,93.2,16.854,,,,,,,93.2,16.854
80, 24-10-2025 17:00:10,142.152,101.5,12.675,,,,,,,101.5,12.675
80, 24-10-2025 17:00:11,144.039,109.1,15.787,,,,,,,109.1,15.787
80, 24-10-2025 17:00:12,137.031,105.2,16.813,,,,,,,105.2,16.813
80, 24-10-2025 17:00:13,143.312,112.8,16.569,,,,,,,112.8,16.569
80, 24-10-2025 17:00:14,142.957,116.5,11.423,,,,,,,116.5,11.423
80, 24-10-2025 17:00:15,142.945,116.4,14.921,,,,,,,116.4,14.921
80, 24-10-2025 17:00:16,140.722,112.6,11.179,,,,,,,112.6,11.179
80, 24-10-2025 17:00:17,140.007,109.3,13.874,,,,,,,109.3,13.874
80, 24-10-2025 17:00:18,139.41,98.9,13.076,,,,,,,98.9,13.076
80, 24-10-2025 17:00:19,140.746,100.5,13.14,,,,,,,100.5,13.14
80, 24-10-2025 17:00:20,141.132,98.4,14.198,,,,,,,98.4,14.198
80, 24-10-2025 17:00:21,143.667,82.4,105.971,,,,,,,82.4,105.971
80, 24-10-2025 17:00:22,142.273,92.2,14.76,,,,,,,92.2,14.76
80, 24-10-2025 17:00:23,138.121,94.5,16.724,,,,,,,94.5,16.724
80, 24-10-2025 17:00:24,143.109,103.3,13.272,,,,,,,103.3,13.272
80, 24-10-2025 17:00:25,142.066,104.6,17.974,,,,,,,104.6,17.974
80, 24-10-2025 17:00:26,140.363,103.8,12.662,,,,,,,103.8,12.662
80, 24-10-2025 17:00:27,142.382,103.2,15.859,,,,,,,103.2,15.859
80, 24-10-2025 17:00:28,141.5,105.4,12.638,,,,,,,105.4,12.638
80, 24-10-2025 17:00:29,143.656,94.8,36.43,,,,,,,94.8,36.43
80, 24-10-2025 17:00:30,139.949,103.2,12.615,,,,,,,103.2,12.615
80, 24-10-2025 17:00:31,143.601,109.3,12.502,,,,,,,109.3,12.502
80, 24-10-2025 17:00:32,143.105,111.1,13.284,,,,,,,111.1,13.284
80, 24-10-2025 17:00:33,144.449,113.8,12.012,,,,,,,113.8,12.012
80, 24-10-2025 17:00:34,143.621,119.4,15.948,,,,,,,119.4,15.948
80, 24-10-2025 17:00:35,139.98,125.6,8.702,,,,,,,125.6,8.702
80, 24-10-2025 17:00:36,137.644,119.1,17.449,,,,,,,119.1,17.449
80, 24-10-2025 17:00:37,140.734,120.1,11.962,,,,,,,120.1,11.962
80, 24-10-2025 17:00:38,130.144,118.2,9.662,,,,,,,118.2,9.662
80, 24-10-2025 17:00:39,143.308,117,17.099,,,,,,,117,17.099
80, 24-10-2025 17:00:40,140.539,124.4,10.046,,,,,,,124.4,10.046
80, 24-10-2025 17:00:41,139.906,116.1,20.166,,,,,,,116.1,20.166
80, 24-10-2025 17:00:42,142,112.9,12.205,,,,,,,112.9,12.205
80, 24-10-2025 17:00:43,143.199,106.3,15.77,,,,,,,106.3,15.77
80, 24-10-2025 17:00:44,142.277,107.4,16.539,,,,,,,107.4,16.539
80, 24-10-2025 17:00:45,139.48,106.9,12.871,,,,,,,106.9,12.871
80, 24-10-2025 17:00:46,133.871,112.8,11.672,,,,,,,112.8,11.672
80, 24-10-2025 17:00:47,140.71,120.5,11.992,,,,,,,120.5,11.992
80, 24-10-2025 17:00:48,130.773,116.9,9.682,,,,,,,116.9,9.682
80, 24-10-2025 17:00:49,140.3,112.9,10.736,,,,,,,112.9,10.736
80, 24-10-2025 17:00:50,125.781,113.3,17.45,,,,,,,113.3,17.45
80, 24-10-2025 17:00:51,143.511,103.1,55.533,,,,,,,103.1,55.533
80, 24-10-2025 17:00:52,145.097,111.7,10.822,,,,,,,111.7,10.822
80, 24-10-2025 17:00:53,144.046,111.7,10.314,,,,,,,111.7,10.314
80, 24-10-2025 17:00:54,141.476,111.7,10.939,,,,,,,111.7,10.939
80, 24-10-2025 17:00:55,143.417,109.7,13.189,,,,,,,109.7,13.189
80, 24-10-2025 17:00:56,137.632,104.4,14.642,,,,,,,104.4,14.642
80, 24-10-2025 17:00:57,141.05,101.9,14.901,,,,,,,101.9,14.901
80, 24-10-2025 17:00:58,136.601,101.2,15.397,,,,,,,101.2,15.397
80, 24-10-2025 17:00:59,142.324,108.2,12.358,,,,,,,108.2,12.358
80, 24-10-2025 17:01:00,138.859,106.9,15.84,,,,,,,106.9,15.84
80, 24-10-2025 17:01:01,135.253,108.8,12.488,,,,,,,108.8,12.488
80, 24-10-2025 17:01:02,143.949,106.6,13.629,,,,,,,106.6,13.629
80, 24-10-2025 17:01:03,140.718,109.1,9.979,,,,,,,109.1,9.979
80, 24-10-2025 17:01:04,142.593,112.2,9.863,,,,,,,112.2,9.863
80, 24-10-2025 17:01:05,143.941,115.7,12.099,,,,,,,115.7,12.099
80, 24-10-2025 17:01:06,141.675,118.2,9.093,,,,,,,118.2,9.093
80, 24-10-2025 17:01:07,45.527,118,25.089,,,,,,,118,25.089
80, 24-10-2025 17:01:08,127.984,266.3,315.085,,,,,,,266.3,315.085
80, 24-10-2025 17:01:09,145.562,173.6,15.604,,,,,,,173.6,15.604
80, 24-10-2025 17:01:10,144.054,114.1,12.585,,,,,,,114.1,12.585
80, 24-10-2025 17:01:11,141.003,115.7,9.206,,,,,,,115.7,9.206
80, 24-10-2025 17:01:12,141.949,112,13.766,,,,,,,112,13.766
80, 24-10-2025 17:01:13,143.207,94.2,13.123,,,,,,,94.2,13.123
80, 24-10-2025 17:01:14,140.628,90.9,12.399,,,,,,,90.9,12.399
80, 24-10-2025 17:01:15,141.976,92.6,14.439,,,,,,,92.6,14.439
80, 24-10-2025 17:01:16,144.406,96,14.079,,,,,,,96,14.079
80, 24-10-2025 17:01:17,141.054,93.7,14.198,,,,,,,93.7,14.198
80, 24-10-2025 17:01:18,140.222,91.1,14.722,,,,,,,91.1,14.722
80, 24-10-2025 17:01:19,139.07,93.1,16.961,,,,,,,93.1,16.961
80, 24-10-2025 17:01:20,142.16,95.6,11.273,,,,,,,95.6,11.273
80, 24-10-2025 17:01:21,141.687,96.6,11.402,,,,,,,96.6,11.402
80, 24-10-2025 17:01:22,139.777,99.3,14.034,,,,,,,99.3,14.034
80, 24-10-2025 17:01:23,143.234,102.7,10.632,,,,,,,102.7,10.632
80, 24-10-2025 17:01:24,142.031,104.6,12.515,,,,,,,104.6,12.515
80, 24-10-2025 17:01:25,141.277,102,10.788,,,,,,,102,10.788
80, 24-10-2025 17:01:26,139.636,105,10.345,,,,,,,105,10.345
80, 24-10-2025 17:01:27,138.964,104.8,16.026,,,,,,,104.8,16.026
80, 24-10-2025 17:01:28,144.343,110.4,13.832,,,,,,,110.4,13.832
80, 24-10-2025 17:01:29,145.363,110.5,9.758,,,,,,,110.5,9.758
80, 24-10-2025 17:01:30,142.378,104.6,19.025,,,,,,,104.6,19.025
80, 24-10-2025 17:01:31,139.421,104.8,10.468,,,,,,,104.8,10.468
80, 24-10-2025 17:01:32,138.265,106.8,11.392,,,,,,,106.8,11.392
80, 24-10-2025 17:01:33,142.593,106.2,12.186,,,,,,,106.2,12.186
80, 24-10-2025 17:01:34,141.89,111.7,10.62,,,,,,,111.7,10.62
80, 24-10-2025 17:01:35,140.628,118.9,9.117,,,,,,,118.9,9.117
80, 24-10-2025 17:01:36,139.507,118.5,9.405,,,,,,,118.5,9.405
80, 24-10-2025 17:01:37,143.414,116.8,13.001,,,,,,,116.8,13.001
80, 24-10-2025 17:01:38,143.503,122.6,9.751,,,,,,,122.6,9.751
80, 24-10-2025 17:01:39,142.574,106.3,10.634,,,,,,,106.3,10.634
80, 24-10-2025 17:01:40,140.718,111.4,11.265,,,,,,,111.4,11.265
80, 24-10-2025 17:01:41,138.144,114.3,13.804,,,,,,,114.3,13.804
80, 24-10-2025 17:01:42,142.812,114.6,15.839,,,,,,,114.6,15.839
80, 24-10-2025 17:01:43,136.937,103.7,13.049,,,,,,,103.7,13.049
80, 24-10-2025 17:01:44,142.664,98.2,16.688,,,,,,,98.2,16.688
80, 24-10-2025 17:01:45,142.546,102.3,10.921,,,,,,,102.3,10.921
80, 24-10-2025 17:01:46,143.808,105.2,11.944,,,,,,,105.2,11.944
80, 24-10-2025 17:01:47,137.871,108.4,12.193,,,,,,,108.4,12.193
80, 24-10-2025 17:01:48,145.003,113.8,10.595,,,,,,,113.8,10.595
80, 24-10-2025 17:01:49,136.929,117,9.587,,,,,,,117,9.587
80, 24-10-2025 17:01:50,142.531,111.9,9.706,,,,,,,111.9,9.706
80, 24-10-2025 17:01:51,136.949,123.8,9.478,,,,,,,123.8,9.478
80, 24-10-2025 17:01:52,139.117,125.5,12.088,,,,,,,125.5,12.088
80, 24-10-2025 17:01:53,142.687,121.7,13.45,,,,,,,121.7,13.45
80, 24-10-2025 17:01:54,137.691,124,10.978,,,,,,,124,10.978
80, 24-10-2025 17:01:55,140.171,124.7,12.322,,,,,,,124.7,12.322
80, 24-10-2025 17:01:56,141.117,128.4,11.046,,,,,,,128.4,11.046
80, 24-10-2025 17:01:57,138.597,119.3,14.37,,,,,,,119.3,14.37
80, 24-10-2025 17:01:58,140.792,114.8,11.467,,,,,,,114.8,11.467
80, 24-10-2025 17:01:59,138.679,121.6,11.33,,,,,,,121.6,11.33
80, 24-10-2025 17:02:00,139.953,126.7,8.745,,,,,,,126.7,8.745
80, 24-10-2025 17:02:01,141.25,109.7,30.922,,,,,,,109.7,30.922
80, 24-10-2025 17:02:02,139.832,106,13.833,,,,,,,106,13.833
80, 24-10-2025 17:02:03,142.375,108.8,10.486,,,,,,,108.8,10.486
80, 24-10-2025 17:02:04,143.062,107.7,13.414,,,,,,,107.7,13.414
80, 24-10-2025 17:02:05,142.226,107.2,11.235,,,,,,,107.2,11.235
80, 24-10-2025 17:02:06,138.21,106.6,12.239,,,,,,,106.6,12.239
80, 24-10-2025 17:02:07,140.714,123.6,10.864,,,,,,,123.6,10.864
80, 24-10-2025 17:02:08,141.964,105.3,31.418,,,,,,,105.3,31.418
80, 24-10-2025 17:02:09,141.707,95.2,16.142,,,,,,,95.2,16.142
80, 24-10-2025 17:02:10,137.23,108.3,11.693,,,,,,,108.3,11.693
80, 24-10-2025 17:02:11,141.152,125.9,10.256,,,,,,,125.9,10.256
80, 24-10-2025 17:02:12,138.207,118.3,15.494,,,,,,,118.3,15.494
80, 24-10-2025 17:02:13,144.816,112.2,13.578,,,,,,,112.2,13.578
80, 24-10-2025 17:02:14,132.984,124.8,11.389,,,,,,,124.8,11.389
80, 24-10-2025 17:02:15,142.937,126.1,10.662,,,,,,,126.1,10.662
80, 24-10-2025 17:02:16,141.792,134.2,8.19,,,,,,,134.2,8.19
80, 24-10-2025 17:02:17,141.597,117.1,16.408,,,,,,,117.1,16.408
80, 24-10-2025 17:02:18,136.257,130.7,9.025,,,,,,,130.7,9.025
80, 24-10-2025 17:02:19,142.582,127.7,10.634,,,,,,,127.7,10.634
80, 24-10-2025 17:02:20,143.285,109.6,16.077,,,,,,,109.6,16.077
80, 24-10-2025 17:02:21,133.675,96.2,11.114,,,,,,,96.2,11.114
80, 24-10-2025 17:02:22,141.398,93.7,17.376,,,,,,,93.7,17.376
80, 24-10-2025 17:02:23,138.742,95,14.435,,,,,,,95,14.435
80, 24-10-2025 17:02:24,132.875,92.8,17.4,,,,,,,92.8,17.4
80, 24-10-2025 17:02:25,132.476,76.6,14.832,,,,,,,76.6,14.832
80, 24-10-2025 17:02:26,136,76.1,14.958,,,,,,,76.1,14.958
80, 24-10-2025 17:02:27,136.457,79.3,14.683,,,,,,,79.3,14.683
80, 24-10-2025 17:02:28,140.972,78.3,15.183,,,,,,,78.3,15.183
80, 24-10-2025 17:02:29,141.816,88.3,13.689,,,,,,,88.3,13.689
80, 24-10-2025 17:02:30,140.316,91.4,13.165,,,,,,,91.4,13.165
80, 24-10-2025 17:02:31,142.441,88.9,12.885,,,,,,,88.9,12.885
80, 24-10-2025 17:02:32,140.285,89,16.779,,,,,,,89,16.779
80, 24-10-2025 17:02:33,130.902,90,14.626,,,,,,,90,14.626
80, 24-10-2025 17:02:34,125.656,88.6,11.948,,,,,,,88.6,11.948
80, 24-10-2025 17:02:35,134.566,79.2,15.39,,,,,,,79.2,15.39
80, 24-10-2025 17:02:36,136.437,93.7,13.894,,,,,,,93.7,13.894
80, 24-10-2025 17:02:37,135.398,93.4,14.521,,,,,,,93.4,14.521
80, 24-10-2025 17:02:38,134.742,87,14.487,,,,,,,87,14.487
80, 24-10-2025 17:02:39,134.824,76.9,21.228,,,,,,,76.9,21.228
80, 24-10-2025 17:02:40,141.046,79.3,16.969,,,,,,,79.3,16.969
80, 24-10-2025 17:02:41,141.57,78.6,13.306,,,,,,,78.6,13.306
80, 24-10-2025 17:02:42,141.089,77.1,16.806,,,,,,,77.1,16.806
80, 24-10-2025 17:02:43,139.398,75.2,19.051,,,,,,,75.2,19.051
80, 24-10-2025 17:02:44,143.621,93,15.172,,,,,,,93,15.172
80, 24-10-2025 17:02:45,138.46,85.9,18.321,,,,,,,85.9,18.321
80, 24-10-2025 17:02:46,143.261,94.9,12.254,,,,,,,94.9,12.254
80, 24-10-2025 17:02:47,140.468,248.7,16.163,,,,,,,248.7,16.163
80, 24-10-2025 17:02:48,131.996,291.5,8.899,,,,,,,291.5,8.899
80, 24-10-2025 17:02:49,143.261,106.7,82.291,,,,,,,106.7,82.291
80, 24-10-2025 17:02:50,140.953,97.4,11.051,,,,,,,97.4,11.051
80, 24-10-2025 17:02:51,143.105,102.1,20.31,,,,,,,102.1,20.31
80, 24-10-2025 17:02:52,143.187,104,15.301,,,,,,,104,15.301
80, 24-10-2025 17:02:53,141.683,108.6,11.306,,,,,,,108.6,11.306
80, 24-10-2025 17:02:54,141.05,110.9,10.629,,,,,,,110.9,10.629
80, 24-10-2025 17:02:55,143.289,111.6,9.657,,,,,,,111.6,9.657
80, 24-10-2025 17:02:56,142.871,117.9,12.597,,,,,,,117.9,12.597
80, 24-10-2025 17:02:57,139.167,114.8,12.814,,,,,,,114.8,12.814
80, 24-10-2025 17:02:58,139.57,113.2,10.006,,,,,,,113.2,10.006
80, 24-10-2025 17:02:59,141.781,111.4,18.555,,,,,,,111.4,18.555
80, 24-10-2025 17:03:00,140.914,114.7,9.8,,,,,,,114.7,9.8
80, 24-10-2025 17:03:01,140.64,117.6,9.842,,,,,,,117.6,9.842
80, 24-10-2025 17:03:02,99.55,106.7,67.798,,,,,,,106.7,67.798
80, 24-10-2025 17:03:03,140.48,117.8,9.34,,,,,,,117.8,9.34
80, 24-10-2025 17:03:04,144.281,117.6,11.313,,,,,,,117.6,11.313
80, 24-10-2025 17:03:05,138.554,115,13.564,,,,,,,115,13.564
80, 24-10-2025 17:03:06,140.64,114.3,13.829,,,,,,,114.3,13.829
80, 24-10-2025 17:03:07,139.23,120.9,11.436,,,,,,,120.9,11.436
80, 24-10-2025 17:03:08,137.093,121.9,14.227,,,,,,,121.9,14.227
80, 24-10-2025 17:03:09,144.304,122.4,8.755,,,,,,,122.4,8.755
80, 24-10-2025 17:03:10,140.875,120.4,18.513,,,,,,,120.4,18.513
80, 24-10-2025 17:03:11,137.156,118.3,13.898,,,,,,,118.3,13.898
80, 24-10-2025 17:03:12,140.015,127.4,11.035,,,,,,,127.4,11.035
80, 24-10-2025 17:03:13,142.144,127.4,13.506,,,,,,,127.4,13.506
80, 24-10-2025 17:03:14,140.058,134.2,8.567,,,,,,,134.2,8.567
80, 24-10-2025 17:03:15,143.25,135.1,11.92,,,,,,,135.1,11.92
80, 24-10-2025 17:03:16,141.171,137.2,9.509,,,,,,,137.2,9.509
80, 24-10-2025 17:03:17,143.578,125.3,29.381,,,,,,,125.3,29.381
80, 24-10-2025 17:03:18,136.441,133.1,10.287,,,,,,,133.1,10.287
80, 24-10-2025 17:03:19,144.613,122.2,10.368,,,,,,,122.2,10.368
80, 24-10-2025 17:03:20,141.128,127.8,10.257,,,,,,,127.8,10.257
80, 24-10-2025 17:03:21,143.8,126.6,8.537,,,,,,,126.6,8.537
80, 24-10-2025 17:03:22,143.042,122.4,9.968,,,,,,,122.4,9.968
80, 24-10-2025 17:03:23,141.992,127.7,9.061,,,,,,,127.7,9.061
80, 24-10-2025 17:03:24,136.328,112.5,18.524,,,,,,,112.5,18.524
80, 24-10-2025 17:03:25,135.226,113.4,10.13,,,,,,,113.4,10.13
80, 24-10-2025 17:03:26,142.343,115.8,14.458,,,,,,,115.8,14.458
80, 24-10-2025 17:03:27,140.093,117.3,12.521,,,,,,,117.3,12.521
80, 24-10-2025 17:03:28,141.089,115.8,14.761,,,,,,,115.8,14.761
80, 24-10-2025 17:03:29,141.578,112.2,9.664,,,,,,,112.2,9.664
80, 24-10-2025 17:03:30,139.601,110.1,16.528,,,,,,,110.1,16.528
80, 24-10-2025 17:03:31,134.8,105.9,18.192,,,,,,,105.9,18.192
80, 24-10-2025 17:03:32,139.054,111.7,15.126,,,,,,,111.7,15.126
80, 24-10-2025 17:03:33,144.031,109.6,9.839,,,,,,,109.6,9.839
80, 24-10-2025 17:03:34,144.183,107.3,16.833,,,,,,,107.3,16.833
80, 24-10-2025 17:03:35,141.042,109.2,14.139,,,,,,,109.2,14.139
80, 24-10-2025 17:03:36,137.113,110.9,9.643,,,,,,,110.9,9.643
80, 24-10-2025 17:03:37,139.203,108.3,24.453,,,,,,,108.3,24.453
80, 24-10-2025 17:03:38,142.347,112.6,13.007,,,,,,,112.6,13.007
80, 24-10-2025 17:03:39,141.71,109.1,15.124,,,,,,,109.1,15.124
80, 24-10-2025 17:03:40,142.218,102.1,15.86,,,,,,,102.1,15.86
80, 24-10-2025 17:03:41,138.914,100.3,14.79,,,,,,,100.3,14.79
80, 24-10-2025 17:03:42,141.156,93.3,17.989,,,,,,,93.3,17.989
80, 24-10-2025 17:03:43,141.066,93.3,14.465,,,,,,,93.3,14.465
80, 24-10-2025 17:03:44,141.57,98.2,16.777,,,,,,,98.2,16.777
80, 24-10-2025 17:03:45,139.691,103.6,11.229,,,,,,,103.6,11.229
80, 24-10-2025 17:03:46,142.5,97.7,12.918,,,,,,,97.7,12.918
80, 24-10-2025 17:03:47,142.054,98.6,15.139,,,,,,,98.6,15.139
80, 24-10-2025 17:03:48,144.578,96.5,10.902,,,,,,,96.5,10.902
80, 24-10-2025 17:03:49,142.542,94.6,18.122,,,,,,,94.6,18.122
80, 24-10-2025 17:03:50,133.437,98.7,15.378,,,,,,,98.7,15.378
80, 24-10-2025 17:03:51,136.148,103.4,15.785,,,,,,,103.4,15.785
80, 24-10-2025 17:03:52,142.343,93,89.135,,,,,,,93,89.135
80, 24-10-2025 17:03:53,139.281,84.4,18.533,,,,,,,84.4,18.533
80, 24-10-2025 17:03:54,143.183,82.5,14.73,,,,,,,82.5,14.73
80, 24-10-2025 17:03:55,142.566,89.9,11.933,,,,,,,89.9,11.933
80, 24-10-2025 17:03:56,142.031,104.8,13.156,,,,,,,104.8,13.156
80, 24-10-2025 17:03:57,141.468,117.6,12.866,,,,,,,117.6,12.866
80, 24-10-2025 17:03:58,140.171,107.7,12.732,,,,,,,107.7,12.732
80, 24-10-2025 17:03:59,136.167,94,18.243,,,,,,,94,18.243
80, 24-10-2025 17:04:00,135.558,100.5,10.702,,,,,,,100.5,10.702
80, 24-10-2025 17:04:01,139.757,107.3,10.301,,,,,,,107.3,10.301
80, 24-10-2025 17:04:02,136.222,110.9,10.8,,,,,,,110.9,10.8
80, 24-10-2025 17:04:03,140.625,122.1,9.123,,,,,,,122.1,9.123
80, 24-10-2025 17:04:04,137.429,133.8,8.905,,,,,,,133.8,8.905
80, 24-10-2025 17:04:05,144.203,134.9,12.126,,,,,,,134.9,12.126
80, 24-10-2025 17:04:06,137.679,132.8,9.488,,,,,,,132.8,9.488
80, 24-10-2025 17:04:07,139.074,131.1,11.867,,,,,,,131.1,11.867
80, 24-10-2025 17:04:08,133.105,129.8,15.702,,,,,,,129.8,15.702
80, 24-10-2025 17:04:09,141.285,132.5,8.387,,,,,,,132.5,8.387
80, 24-10-2025 17:04:10,137.988,128.8,17.757,,,,,,,128.8,17.757
80, 24-10-2025 17:04:11,142.812,131.9,19.808,,,,,,,131.9,19.808
80, 24-10-2025 17:04:12,138.324,134.1,11.028,,,,,,,134.1,11.028
80, 24-10-2025 17:04:13,141.269,133.8,13.844,,,,,,,133.8,13.844
80, 24-10-2025 17:04:14,143.394,135.7,9.737,,,,,,,135.7,9.737
80, 24-10-2025 17:04:15,143.832,138,10.686,,,,,,,138,10.686
80, 24-10-2025 17:04:16,143.824,137.6,13.417,,,,,,,137.6,13.417
80, 24-10-2025 17:04:17,142.746,142,11.179,,,,,,,142,11.179
80, 24-10-2025 17:04:18,140.117,140,11.424,,,,,,,140,11.424
80, 24-10-2025 17:04:19,140.789,142,9.109,,,,,,,142,9.109
80, 24-10-2025 17:04:20,142.425,141.5,9.319,,,,,,,141.5,9.319
80, 24-10-2025 17:04:21,143.164,140.8,8.85,,,,,,,140.8,8.85
80, 24-10-2025 17:04:22,137.007,138.6,11.527,,,,,,,138.6,11.527
80, 24-10-2025 17:04:23,140.66,133.1,9.783,,,,,,,133.1,9.783
80, 24-10-2025 17:04:24,145.394,121,15.869,,,,,,,121,15.869
80, 24-10-2025 17:04:25,143.535,124.5,14.61,,,,,,,124.5,14.61
80, 24-10-2025 17:04:26,144.433,129,8.378,,,,,,,129,8.378
80, 24-10-2025 17:04:27,134.175,127.4,11.289,,,,,,,127.4,11.289
80, 24-10-2025 17:04:28,138.296,128.6,9.539,,,,,,,128.6,9.539
80, 24-10-2025 17:04:29,141.406,123.6,10.34,,,,,,,123.6,10.34
80, 24-10-2025 17:04:30,141.902,119.7,9.238,,,,,,,119.7,9.238
80, 24-10-2025 17:04:31,135.484,127.4,8.595,,,,,,,127.4,8.595
80, 24-10-2025 17:04:32,143.527,119.5,41.719,,,,,,,119.5,41.719
80, 24-10-2025 17:04:33,134.23,121.5,15.366,,,,,,,121.5,15.366
80, 24-10-2025 17:04:34,142.558,115.8,10.044,,,,,,,115.8,10.044
80, 24-10-2025 17:04:35,138.167,112.7,9.806,,,,,,,112.7,9.806
80, 24-10-2025 17:04:36,143.144,111,10.001,,,,,,,111,10.001
80, 24-10-2025 17:04:37,139.625,105.3,12.805,,,,,,,105.3,12.805
80, 24-10-2025 17:04:38,117.832,277.2,12.086,,,,,,,277.2,12.086
80, 24-10-2025 17:04:39,136.906,228.9,19.883,,,,,,,228.9,19.883
80, 24-10-2025 17:04:40,142.164,106.8,11.829,,,,,,,106.8,11.829
80, 24-10-2025 17:04:41,139.937,114.3,14.417,,,,,,,114.3,14.417
80, 24-10-2025 17:04:42,142.429,126.5,18.729,,,,,,,126.5,18.729
80, 24-10-2025 17:04:43,137.535,130.1,9.561,,,,,,,130.1,9.561
80, 24-10-2025 17:04:44,142.14,130.4,8.18,,,,,,,130.4,8.18
80, 24-10-2025 17:04:45,144.339,132.1,8.395,,,,,,,132.1,8.395
80, 24-10-2025 17:04:46,140.914,132.5,8.382,,,,,,,132.5,8.382
80, 24-10-2025 17:04:47,143.882,131.1,11.429,,,,,,,131.1,11.429
80, 24-10-2025 17:04:48,139.222,119.9,11.923,,,,,,,119.9,11.923
80, 24-10-2025 17:04:49,135.121,118.7,12.865,,,,,,,118.7,12.865
80, 24-10-2025 17:04:50,117.035,324.2,6.062,,,,,,,324.2,6.062
80, 24-10-2025 17:04:51,143.925,183.8,19.179,,,,,,,183.8,19.179
80, 24-10-2025 17:04:52,143.785,116,10.922,,,,,,,116,10.922
80, 24-10-2025 17:04:53,139.851,120.5,12.657,,,,,,,120.5,12.657
80, 24-10-2025 17:04:54,143.824,126.9,8.954,,,,,,,126.9,8.954
80, 24-10-2025 17:04:55,144.796,127.3,8.517,,,,,,,127.3,8.517
80, 24-10-2025 17:04:56,143.382,127.4,8.684,,,,,,,127.4,8.684
80, 24-10-2025 17:04:57,140.738,125.2,17.529,,,,,,,125.2,17.529
80, 24-10-2025 17:04:58,143.261,115.3,13.123,,,,,,,115.3,13.123
80, 24-10-2025 17:04:59,134.218,115,10.362,,,,,,,115,10.362
80, 24-10-2025 17:05:00,144.531,129.5,8.747,,,,,,,129.5,8.747
80, 24-10-2025 17:05:01,139.289,135.3,9.072,,,,,,,135.3,9.072
80, 24-10-2025 17:05:02,138.898,125.6,8.826,,,,,,,125.6,8.826
80, 24-10-2025 17:05:03,143.808,125.5,11.16,,,,,,,125.5,11.16
80, 24-10-2025 17:05:04,136.957,129.9,8.719,,,,,,,129.9,8.719
80, 24-10-2025 17:05:05,143.019,132.9,8.862,,,,,,,132.9,8.862
80, 24-10-2025 17:05:06,142.632,126.8,9.295,,,,,,,126.8,9.295
80, 24-10-2025 17:05:07,140.164,132.3,8.885,,,,,,,132.3,8.885
80, 24-10-2025 17:05:08,143.46,131.2,12.322,,,,,,,131.2,12.322
80, 24-10-2025 17:05:09,132.648,122,10.489,,,,,,,122,10.489
80, 24-10-2025 17:05:10,141.808,107.9,12.05,,,,,,,107.9,12.05
80, 24-10-2025 17:05:11,140.773,91.7,16.313,,,,,,,91.7,16.313
80, 24-10-2025 17:05:12,140.253,88.6,13.101,,,,,,,88.6,13.101
80, 24-10-2025 17:05:13,142.91,88.2,19.549,,,,,,,88.2,19.549
80, 24-10-2025 17:05:14,143.128,97.3,14.688,,,,,,,97.3,14.688
80, 24-10-2025 17:05:15,139.675,90.5,13.201,,,,,,,90.5,13.201
80, 24-10-2025 17:05:16,141.792,92.1,11.442,,,,,,,92.1,11.442
80, 24-10-2025 17:05:17,140.335,88.3,12.225,,,,,,,88.3,12.225
80, 24-10-2025 17:05:18,138.246,90.1,15.59,,,,,,,90.1,15.59
80, 24-10-2025 17:05:19,141.496,99,25.026,,,,,,,99,25.026
80, 24-10-2025 17:05:20,142.339,95.4,17.098,,,,,,,95.4,17.098
80, 24-10-2025 17:05:21,140.996,95.7,11.437,,,,,,,95.7,11.437
80, 24-10-2025 17:05:22,137.519,95.4,13.692,,,,,,,95.4,13.692
80, 24-10-2025 17:05:23,143.207,101.9,12.77,,,,,,,101.9,12.77
80, 24-10-2025 17:05:24,142.429,104.6,12.716,,,,,,,104.6,12.716
80, 24-10-2025 17:05:25,144.343,113.4,9.85,,,,,,,113.4,9.85
80, 24-10-2025 17:05:26,136.519,116.7,10.832,,,,,,,116.7,10.832
80, 24-10-2025 17:05:27,140.246,111.8,17.51,,,,,,,111.8,17.51
80, 24-10-2025 17:05:28,138.414,112.5,12.914,,,,,,,112.5,12.914
80, 24-10-2025 17:05:29,142.472,121.9,9.076,,,,,,,121.9,9.076
80, 24-10-2025 17:05:30,136.527,113.8,22.434,,,,,,,113.8,22.434
80, 24-10-2025 17:05:31,138.882,114.1,12.313,,,,,,,114.1,12.313
80, 24-10-2025 17:05:32,140.257,115,15.619,,,,,,,115,15.619
80, 24-10-2025 17:05:33,137.582,115.9,12.206,,,,,,,115.9,12.206
80, 24-10-2025 17:05:34,138.832,104.4,10.672,,,,,,,104.4,10.672
80, 24-10-2025 17:05:35,143.082,111.3,9.748,,,,,,,111.3,9.748
80, 24-10-2025 17:05:36,143.75,106.3,11.238,,,,,,,106.3,11.238
80, 24-10-2025 17:05:37,142.07,99.7,12.111,,,,,,,99.7,12.111
80, 24-10-2025 17:05:38,141.207,96.5,14.811,,,,,,,96.5,14.811
80, 24-10-2025 17:05:39,137.757,102,16.279,,,,,,,102,16.279
80, 24-10-2025 17:05:40,143.023,107.7,10.568,,,,,,,107.7,10.568
80, 24-10-2025 17:05:41,138.519,104.5,12.142,,,,,,,104.5,12.142
80, 24-10-2025 17:05:42,139.511,100.2,10.799,,,,,,,100.2,10.799
80, 24-10-2025 17:05:43,141.878,106.3,11.388,,,,,,,106.3,11.388
80, 24-10-2025 17:05:44,139.828,123.8,9.108,,,,,,,123.8,9.108
80, 24-10-2025 17:05:45,141.382,125.3,14.657,,,,,,,125.3,14.657
80, 24-10-2025 17:05:46,140.929,106,12.086,,,,,,,106,12.086
80, 24-10-2025 17:05:47,138.765,106.9,12.384,,,,,,,106.9,12.384
80, 24-10-2025 17:05:48,138.281,86.6,50.258,,,,,,,86.6,50.258
80, 24-10-2025 17:05:49,136.011,100.2,13.813,,,,,,,100.2,13.813
80, 24-10-2025 17:05:50,138.175,92.3,20.429,,,,,,,92.3,20.429
80, 24-10-2025 17:05:51,132.062,91.9,11.76,,,,,,,91.9,11.76
80, 24-10-2025 17:05:52,141.042,93.2,18.273,,,,,,,93.2,18.273
80, 24-10-2025 17:05:53,143.191,93.6,15.898,,,,,,,93.6,15.898
80, 24-10-2025 17:05:54,138.691,92.4,15.347,,,,,,,92.4,15.347
80, 24-10-2025 17:05:55,136.386,95.3,15.458,,,,,,,95.3,15.458
80, 24-10-2025 17:05:56,140.035,95.7,21.962,,,,,,,95.7,21.962
80, 24-10-2025 17:05:57,143.437,107.5,11.752,,,,,,,107.5,11.752
80, 24-10-2025 17:05:58,141.921,102.9,15.853,,,,,,,102.9,15.853
80, 24-10-2025 17:05:59,142.144,100.1,14.387,,,,,,,100.1,14.387
80, 24-10-2025 17:06:00,139.062,101.4,16.106,,,,,,,101.4,16.106
80, 24-10-2025 17:06:01,142.304,104.4,10.664,,,,,,,104.4,10.664
80, 24-10-2025 17:06:02,136.679,104.8,13.04,,,,,,,104.8,13.04
80, 24-10-2025 17:06:03,135.679,100.2,18.464,,,,,,,100.2,18.464
80, 24-10-2025 17:06:04,137.246,104,14.248,,,,,,,104,14.248
80, 24-10-2025 17:06:05,140.39,88.6,14.984,,,,,,,88.6,14.984
80, 24-10-2025 17:06:06,142.957,88.5,15.121,,,,,,,88.5,15.121
80, 24-10-2025 17:06:07,133.582,89.7,11.947,,,,,,,89.7,11.947
80, 24-10-2025 17:06:08,141.683,88.9,18.478,,,,,,,88.9,18.478
80, 24-10-2025 17:06:09,142.406,88.7,16.378,,,,,,,88.7,16.378
80, 24-10-2025 17:06:10,140.722,88,13.44,,,,,,,88,13.44
80, 24-10-2025 17:06:11,140.257,89.6,15.878,,,,,,,89.6,15.878
80, 24-10-2025 17:06:12,143.523,90.8,11.935,,,,,,,90.8,11.935
80, 24-10-2025 17:06:13,140.839,90.8,13.89,,,,,,,90.8,13.89
80, 24-10-2025 17:06:14,142.019,90.8,11.694,,,,,,,90.8,11.694
80, 24-10-2025 17:06:15,143.722,89.8,15.233,,,,,,,89.8,15.233
80, 24-10-2025 17:06:16,143.542,91.5,12.254,,,,,,,91.5,12.254
80, 24-10-2025 17:06:17,145.054,89.7,17.444,,,,,,,89.7,17.444
80, 24-10-2025 17:06:18,138.242,85.7,18.419,,,,,,,85.7,18.419
80, 24-10-2025 17:06:19,139.378,86,15.959,,,,,,,86,15.959
80, 24-10-2025 17:06:20,135.707,91.5,19.672,,,,,,,91.5,19.672
80, 24-10-2025 17:06:21,141.023,88.1,17.081,,,,,,,88.1,17.081
80, 24-10-2025 17:06:22,140.492,91.9,12.385,,,,,,,91.9,12.385
80, 24-10-2025 17:06:23,141.48,91.4,15.564,,,,,,,91.4,15.564
80, 24-10-2025 17:06:24,139.183,93,22.432,,,,,,,93,22.432
80, 24-10-2025 17:06:25,141.73,85.5,13.964,,,,,,,85.5,13.964
80, 24-10-2025 17:06:26,144.332,89.1,18.931,,,,,,,89.1,18.931
80, 24-10-2025 17:06:27,138.617,89.1,16.703,,,,,,,89.1,16.703
80, 24-10-2025 17:06:28,134.753,91.9,17.785,,,,,,,91.9,17.785
80, 24-10-2025 17:06:29,143.253,102.3,10.88,,,,,,,102.3,10.88
80, 24-10-2025 17:06:30,130.82,100.7,31.676,,,,,,,100.7,31.676
80, 24-10-2025 17:06:31,138.925,112.3,10.482,,,,,,,112.3,10.482
80, 24-10-2025 17:06:32,136.941,113.5,9.475,,,,,,,113.5,9.475
80, 24-10-2025 17:06:33,143.984,110.9,17.453,,,,,,,110.9,17.453
80, 24-10-2025 17:06:34,136.812,113.4,18.203,,,,,,,113.4,18.203
80, 24-10-2025 17:06:35,141.699,114.9,10.815,,,,,,,114.9,10.815
80, 24-10-2025 17:06:36,144.339,116.7,9.954,,,,,,,116.7,9.954
80, 24-10-2025 17:06:37,143.628,113.3,14.919,,,,,,,113.3,14.919
80, 24-10-2025 17:06:38,137.046,122.4,13.234,,,,,,,122.4,13.234
80, 24-10-2025 17:06:39,137.285,116.5,22.586,,,,,,,116.5,22.586
80, 24-10-2025 17:06:40,140.824,122.9,16.905,,,,,,,122.9,16.905
80, 24-10-2025 17:06:41,137.46,128,9.871,,,,,,,128,9.871
80, 24-10-2025 17:06:42,138.832,126.9,9.614,,,,,,,126.9,9.614
80, 24-10-2025 17:06:43,141.625,127.4,12.053,,,,,,,127.4,12.053
80, 24-10-2025 17:06:44,143.531,130.4,9.477,,,,,,,130.4,9.477
80, 24-10-2025 17:06:45,136.64,127.6,16.522,,,,,,,127.6,16.522
80, 24-10-2025 17:06:46,137.136,122.2,25.637,,,,,,,122.2,25.637
80, 24-10-2025 17:06:47,142.335,128.9,8.835,,,,,,,128.9,8.835
80, 24-10-2025 17:06:48,143.41,125.6,11.754,,,,,,,125.6,11.754
80, 24-10-2025 17:06:49,137.093,126.8,9.147,,,,,,,126.8,9.147
80, 24-10-2025 17:06:50,126.582,127.2,22.803,,,,,,,127.2,22.803
80, 24-10-2025 17:06:51,143.671,127.8,11.66,,,,,,,127.8,11.66
80, 24-10-2025 17:06:52,138.683,131.6,8.545,,,,,,,131.6,8.545
80, 24-10-2025 17:06:53,144.382,135.8,12.48,,,,,,,135.8,12.48
80, 24-10-2025 17:06:54,136.441,136.6,8.969,,,,,,,136.6,8.969
80, 24-10-2025 17:06:55,137.968,139.3,13.086,,,,,,,139.3,13.086
80, 24-10-2025 17:06:56,136.609,123.5,20.405,,,,,,,123.5,20.405
80, 24-10-2025 17:06:57,135.562,129.8,16.054,,,,,,,129.8,16.054
80, 24-10-2025 17:06:58,142.8,127.2,11.778,,,,,,,127.2,11.778
80, 24-10-2025 17:06:59,136.39,121.4,11.669,,,,,,,121.4,11.669
80, 24-10-2025 17:07:00,134.261,111.6,11.695,,,,,,,111.6,11.695
80, 24-10-2025 17:07:01,139.023,114.8,10.569,,,,,,,114.8,10.569
80, 24-10-2025 17:07:02,136.113,117.5,9.343,,,,,,,117.5,9.343
80, 24-10-2025 17:07:03,143.136,119.7,13.233,,,,,,,119.7,13.233
80, 24-10-2025 17:07:04,136.644,117.8,9.473,,,,,,,117.8,9.473
80, 24-10-2025 17:07:05,142.023,106.3,18.578,,,,,,,106.3,18.578
80, 24-10-2025 17:07:06,141.57,102.5,10.796,,,,,,,102.5,10.796
80, 24-10-2025 17:07:07,143.156,99.8,20.627,,,,,,,99.8,20.627
80, 24-10-2025 17:07:08,140.839,114.6,13.789,,,,,,,114.6,13.789
80, 24-10-2025 17:07:09,138.378,124.6,15.179,,,,,,,124.6,15.179
80, 24-10-2025 17:07:10,142.902,116.2,27.471,,,,,,,116.2,27.471
80, 24-10-2025 17:07:11,141.511,121.4,12.269,,,,,,,121.4,12.269
80, 24-10-2025 17:07:12,139.738,127.7,14.468,,,,,,,127.7,14.468
80, 24-10-2025 17:07:13,134.273,122.6,15.933,,,,,,,122.6,15.933
80, 24-10-2025 17:07:14,143.746,126.1,9.411,,,,,,,126.1,9.411
80, 24-10-2025 17:07:15,136.125,123.6,9.23,,,,,,,123.6,9.23
80, 24-10-2025 17:07:16,142.914,113.6,11.324,,,,,,,113.6,11.324
80, 24-10-2025 17:07:17,141.25,110.6,13.394,,,,,,,110.6,13.394
80, 24-10-2025 17:07:18,136.488,113.2,13.519,,,,,,,113.2,13.519
80, 24-10-2025 17:07:19,144.113,111.6,13.451,,,,,,,111.6,13.451
80, 24-10-2025 17:07:20,138.449,115.1,11.166,,,,,,,115.1,11.166
80, 24-10-2025 17:07:21,142.433,112.2,12.849,,,,,,,112.2,12.849
80, 24-10-2025 17:07:22,133.683,111.5,16.516,,,,,,,111.5,16.516
80, 24-10-2025 17:07:23,141.292,117.6,11.119,,,,,,,117.6,11.119
80, 24-10-2025 17:07:24,134.105,124.8,9.384,,,,,,,124.8,9.384
80, 24-10-2025 17:07:25,126.898,130.2,11.246,,,,,,,130.2,11.246
80, 24-10-2025 17:07:26,116.91,323.8,6.226,,,,,,,323.8,6.226
80, 24-10-2025 17:07:27,142.171,200.9,24.036,,,,,,,200.9,24.036
80, 24-10-2025 17:07:28,134.851,125.7,9.754,,,,,,,125.7,9.754
80, 24-10-2025 17:07:29,139.707,117.2,15.34,,,,,,,117.2,15.34
80, 24-10-2025 17:07:30,141.058,131.8,12.991,,,,,,,131.8,12.991
80, 24-10-2025 17:07:31,139,132.1,14.277,,,,,,,132.1,14.277
80, 24-10-2025 17:07:32,142.746,129.4,12.109,,,,,,,129.4,12.109
80, 24-10-2025 17:07:33,141.57,128,13.6,,,,,,,128,13.6
80, 24-10-2025 17:07:34,133.769,124.5,17.089,,,,,,,124.5,17.089
80, 24-10-2025 17:07:35,142.843,126.6,14.388,,,,,,,126.6,14.388
80, 24-10-2025 17:07:36,143.273,121.9,8.81,,,,,,,121.9,8.81
80, 24-10-2025 17:07:37,139.839,124.3,10.525,,,,,,,124.3,10.525
80, 24-10-2025 17:07:38,143.757,124.7,13.812,,,,,,,124.7,13.812
80, 24-10-2025 17:07:39,137.824,119.2,9.692,,,,,,,119.2,9.692
80, 24-10-2025 17:07:40,142.308,118,9.467,,,,,,,118,9.467
80, 24-10-2025 17:07:41,139,124.1,15.647,,,,,,,124.1,15.647
80, 24-10-2025 17:07:42,137.792,131.9,9.672,,,,,,,131.9,9.672
80, 24-10-2025 17:07:43,142.226,106.2,12.562,,,,,,,106.2,12.562
80, 24-10-2025 17:07:44,143.515,106.6,11.499,,,,,,,106.6,11.499
80, 24-10-2025 17:07:45,141.851,112.2,9.724,,,,,,,112.2,9.724
80, 24-10-2025 17:07:46,103.769,109.5,33.374,,,,,,,109.5,33.374
80, 24-10-2025 17:07:47,143.148,121.3,9.846,,,,,,,121.3,9.846
80, 24-10-2025 17:07:48,141.644,110.7,14.291,,,,,,,110.7,14.291
80, 24-10-2025 17:07:49,144.003,112.1,10.696,,,,,,,112.1,10.696
80, 24-10-2025 17:07:50,143.085,113.9,11.163,,,,,,,113.9,11.163
80, 24-10-2025 17:07:51,141.316,110.4,15.618,,,,,,,110.4,15.618
80, 24-10-2025 17:07:52,140.742,115.9,10.532,,,,,,,115.9,10.532
80, 24-10-2025 17:07:53,136.195,120.2,23.332,,,,,,,120.2,23.332
80, 24-10-2025 17:07:54,141.835,136.6,11.873,,,,,,,136.6,11.873
80, 24-10-2025 17:07:55,142.687,132.4,9.875,,,,,,,132.4,9.875
80, 24-10-2025 17:07:56,140.523,123.4,14.561,,,,,,,123.4,14.561
80, 24-10-2025 17:07:57,143.199,129.5,10.723,,,,,,,129.5,10.723
80, 24-10-2025 17:07:58,136.652,130.3,11.62,,,,,,,130.3,11.62
80, 24-10-2025 17:07:59,139.472,130.8,8.896,,,,,,,130.8,8.896
80, 24-10-2025 17:08:00,139.914,132.5,15.005,,,,,,,132.5,15.005
80, 24-10-2025 17:08:01,143.644,135,11.511,,,,,,,135,11.511
80, 24-10-2025 17:08:02,144.332,127.5,30.569,,,,,,,127.5,30.569
80, 24-10-2025 17:08:03,135.91,122.5,12.029,,,,,,,122.5,12.029
80, 24-10-2025 17:08:04,140.125,120.7,10.369,,,,,,,120.7,10.369
80, 24-10-2025 17:08:05,140.968,127.4,11.282,,,,,,,127.4,11.282
80, 24-10-2025 17:08:06,144.066,128.5,9.584,,,,,,,128.5,9.584
80, 24-10-2025 17:08:07,143.492,114.8,14.391,,,,,,,114.8,14.391
80, 24-10-2025 17:08:08,138.289,114.6,14.728,,,,,,,114.6,14.728
80, 24-10-2025 17:08:09,138.363,114,10.322,,,,,,,114,10.322
80, 24-10-2025 17:08:10,136.406,119.1,8.994,,,,,,,119.1,8.994
80, 24-10-2025 17:08:11,135.449,115.4,11.466,,,,,,,115.4,11.466
80, 24-10-2025 17:08:12,136.066,112.5,10.553,,,,,,,112.5,10.553
80, 24-10-2025 17:08:13,138.21,108.8,25.274,,,,,,,108.8,25.274
80, 24-10-2025 17:08:14,143.578,112.5,9.97,,,,,,,112.5,9.97
80, 24-10-2025 17:08:15,143.394,110.1,10.551,,,,,,,110.1,10.551
80, 24-10-2025 17:08:16,134.906,114,10.149,,,,,,,114,10.149
80, 24-10-2025 17:08:17,141.648,109.9,10.535,,,,,,,109.9,10.535
80, 24-10-2025 17:08:18,140.085,110.5,13.339,,,,,,,110.5,13.339
80, 24-10-2025 17:08:19,140.464,102.2,16.144,,,,,,,102.2,16.144
80, 24-10-2025 17:08:20,121.734,94.2,33.027,,,,,,,94.2,33.027
80, 24-10-2025 17:08:21,140.062,97.9,24.292,,,,,,,97.9,24.292
80, 24-10-2025 17:08:22,144.031,102.9,13.111,,,,,,,102.9,13.111
80, 24-10-2025 17:08:23,140.402,102.9,15.409,,,,,,,102.9,15.409
80, 24-10-2025 17:08:24,139.789,98.2,12.161,,,,,,,98.2,12.161
80, 24-10-2025 17:08:25,136.312,92.4,14.564,,,,,,,92.4,14.564
80, 24-10-2025 17:08:26,139.417,91.9,15.139,,,,,,,91.9,15.139
80, 24-10-2025 17:08:27,142.14,94.3,13.817,,,,,,,94.3,13.817
80, 24-10-2025 17:08:28,138.21,89.9,16.099,,,,,,,89.9,16.099
80, 24-10-2025 17:08:29,143.824,89.6,14.422,,,,,,,89.6,14.422
80, 24-10-2025 17:08:31,137.503,91.9,14.339,,,,,,,91.9,14.339
80, 24-10-2025 17:08:32,143.64,91.2,13.38,,,,,,,91.2,13.38
80, 24-10-2025 17:08:33,141.664,92.6,14.147,,,,,,,92.6,14.147
80, 24-10-2025 17:08:34,142.894,97.8,13.87,,,,,,,97.8,13.87
80, 24-10-2025 17:08:35,139.214,98.3,12.744,,,,,,,98.3,12.744
80, 24-10-2025 17:08:36,138.945,99,12.18,,,,,,,99,12.18
80, 24-10-2025 17:08:37,137.648,100.3,17.621,,,,,,,100.3,17.621
80, 24-10-2025 17:08:38,138.449,91.9,16.991,,,,,,,91.9,16.991
80, 24-10-2025 17:08:39,141.039,94.1,12.523,,,,,,,94.1,12.523
80, 24-10-2025 17:08:40,141.269,98.7,12.4,,,,,,,98.7,12.4
80, 24-10-2025 17:08:41,140.281,97.6,12.474,,,,,,,97.6,12.474
80, 24-10-2025 17:08:42,141.648,92.5,16.752,,,,,,,92.5,16.752
80, 24-10-2025 17:08:43,128.957,86.8,27.414,,,,,,,86.8,27.414
80, 24-10-2025 17:08:44,141.128,87.4,25.327,,,,,,,87.4,25.327
80, 24-10-2025 17:08:45,142.148,90.5,16.804,,,,,,,90.5,16.804
80, 24-10-2025 17:08:46,141.851,91.5,12.722,,,,,,,91.5,12.722
80, 24-10-2025 17:08:47,138.074,93.5,18.901,,,,,,,93.5,18.901
80, 24-10-2025 17:08:48,137.363,99.4,13.699,,,,,,,99.4,13.699
80, 24-10-2025 17:08:49,135.609,104.4,10.495,,,,,,,104.4,10.495
80, 24-10-2025 17:08:50,139.281,102.8,18.384,,,,,,,102.8,18.384
80, 24-10-2025 17:08:51,141.027,107.8,15.129,,,,,,,107.8,15.129
80, 24-10-2025 17:08:52,139.73,108.1,17.907,,,,,,,108.1,17.907
80, 24-10-2025 17:08:53,140.433,111.3,12.468,,,,,,,111.3,12.468
80, 24-10-2025 17:08:54,143.472,114.2,12.917,,,,,,,114.2,12.917
80, 24-10-2025 17:08:55,139.89,110.1,40.175,,,,,,,110.1,40.175
80, 24-10-2025 17:08:56,137.929,94.9,19.681,,,,,,,94.9,19.681
80, 24-10-2025 17:08:57,133.316,87.3,12.908,,,,,,,87.3,12.908
80, 24-10-2025 17:08:58,137.984,86.1,14.832,,,,,,,86.1,14.832
80, 24-10-2025 17:08:59,138.64,87.5,12.235,,,,,,,87.5,12.235
80, 24-10-2025 17:09:00,135.648,88.6,14.25,,,,,,,88.6,14.25
80, 24-10-2025 17:09:01,139.996,91.4,17.558,,,,,,,91.4,17.558
80, 24-10-2025 17:09:02,136.339,91.4,13.288,,,,,,,91.4,13.288
80, 24-10-2025 17:09:03,143.101,102.9,13.747,,,,,,,102.9,13.747
80, 24-10-2025 17:09:04,138.914,115.3,14.549,,,,,,,115.3,14.549
80, 24-10-2025 17:09:05,141.933,108.5,14.863,,,,,,,108.5,14.863
80, 24-10-2025 17:09:06,142.468,108.1,16.596,,,,,,,108.1,16.596
80, 24-10-2025 17:09:07,137.609,108.2,11.139,,,,,,,108.2,11.139
80, 24-10-2025 17:09:08,137.242,108.2,23.953,,,,,,,108.2,23.953
80, 24-10-2025 17:09:09,138.863,125.8,15.161,,,,,,,125.8,15.161
80, 24-10-2025 17:09:10,140.125,135.7,11.27,,,,,,,135.7,11.27
80, 24-10-2025 17:09:11,114.667,312.7,6.311,,,,,,,312.7,6.311
80, 24-10-2025 17:09:12,140.222,181.3,25.92,,,,,,,181.3,25.92
80, 24-10-2025 17:09:13,144.765,132.3,12.922,,,,,,,132.3,12.922
80, 24-10-2025 17:09:14,142.117,132.5,15.277,,,,,,,132.5,15.277
80, 24-10-2025 17:09:15,143.511,131.4,12.934,,,,,,,131.4,12.934
80, 24-10-2025 17:09:16,135.871,127.3,10.846,,,,,,,127.3,10.846
80, 24-10-2025 17:09:17,141.437,127.2,9.619,,,,,,,127.2,9.619
80, 24-10-2025 17:09:18,134.753,127.4,10.311,,,,,,,127.4,10.311
80, 24-10-2025 17:09:19,141.851,132.9,10.951,,,,,,,132.9,10.951
80, 24-10-2025 17:09:20,138.804,133.2,13.514,,,,,,,133.2,13.514
80, 24-10-2025 17:09:21,137.253,130.6,28.486,,,,,,,130.6,28.486
80, 24-10-2025 17:09:22,141.031,131.8,16.317,,,,,,,131.8,16.317
80, 24-10-2025 17:09:23,142.425,132.9,10.581,,,,,,,132.9,10.581
80, 24-10-2025 17:09:24,140.082,134.6,9.224,,,,,,,134.6,9.224
80, 24-10-2025 17:09:25,97.101,65.7,222.723,,,,,,,65.7,222.723
80, 24-10-2025 17:09:26,143.683,186.9,28.192,,,,,,,186.9,28.192
80, 24-10-2025 17:09:27,140.675,112.9,9.495,,,,,,,112.9,9.495
80, 24-10-2025 17:09:28,144.164,110.6,16.342,,,,,,,110.6,16.342
80, 24-10-2025 17:09:29,141.023,111.8,12.285,,,,,,,111.8,12.285
80, 24-10-2025 17:09:30,142.089,111.1,10.356,,,,,,,111.1,10.356
80, 24-10-2025 17:09:32,9.496,N/A                 ,0,,,,,,,N/A                 ,0
80, 24-10-2025 17:09:32,6.64,N/A                 ,0,,,,,,,N/A                 ,0
80, 24-10-2025 17:09:33,6.527,N/A                 ,0,,,,,,,N/A                 ,0
80, 24-10-2025 17:09:34,6.546,N/A                 ,0,,,,,,,N/A                 ,0
80, 24-10-2025 17:09:35,6.523,N/A                 ,0,,,,,,,N/A                 ,0
80, 24-10-2025 17:09:36,6.574,N/A                 ,0,,,,,,,N/A                 ,0
80, 24-10-2025 17:09:37,6.523,N/A                 ,0,,,,,,,N/A                 ,0
80, 24-10-2025 17:09:38,6.523,N/A                 ,0,,,,,,,N/A                 ,0
80, 24-10-2025 17:09:39,6.519,N/A                 ,0,,,,,,,N/A                 ,0
80, 24-10-2025 17:09:40,6.531,N/A                 ,0,,,,,,,N/A                 ,0
80, 24-10-2025 17:09:41,6.523,N/A                 ,0,,,,,,,N/A                 ,0
80, 24-10-2025 17:09:42,6.582,N/A                 ,0,,,,,,,N/A                 ,0
80, 24-10-2025 17:09:43,6.519,N/A                 ,0,,,,,,,N/A                 ,0
80, 24-10-2025 17:09:44,6.613,N/A                 ,0,,,,,,,N/A                 ,0
80, 24-10-2025 17:09:45,6.535,N/A                 ,0,,,,,,,N/A                 ,0
80, 24-10-2025 17:09:46,6.625,N/A                 ,0,,,,,,,N/A                 ,0
